[2025-10-18T16:18:07.660] [DEBUG] debug-file - env: nodejsVersion=v18.20.1
[2025-10-18T16:18:07.880] [DEBUG] debug-file - Hvigor init with startParameters:{
  hvigorfileTypeCheck: false,
  parallelExecution: true,
  incrementalExecution: true,
  printStackTrace: false,
  daemon: false,
  analyze: 0,
  logLevel: Level { level: 20000, levelStr: 'INFO', colour: 'green' }
}
[2025-10-18T16:18:07.887] [DEBUG] debug-file - hvigorfile, resolving /Users/guichunbai/github/TimePicker-Harmony/hvigorfile.ts
[2025-10-18T16:18:08.531] [DEBUG] debug-file - hvigorfile, require result:  { default: { system: [Function: appTasks], plugins: [] } }
[2025-10-18T16:18:08.642] [DEBUG] debug-file - Start initialize project's product build option map with build mode debug.
[2025-10-18T16:18:08.644] [DEBUG] debug-file - Obtain build option for product 'default'in this build.
[2025-10-18T16:18:08.653] [DEBUG] debug-file - Local scan or download hmscore sdk components toolchains,ets,native
[2025-10-18T16:18:08.652] [DEBUG] debug-file - Local scan or download HarmonyOS sdk components toolchains,ets,js,native,previewer
[2025-10-18T16:18:08.656] [DEBUG] debug-file - Start recording SDK configuration permission data.
[2025-10-18T16:18:08.676] [DEBUG] debug-file - Sdk init in 26 ms 
[2025-10-18T16:18:08.686] [DEBUG] debug-file - Project task initialization takes 10 ms 
[2025-10-18T16:18:08.690] [DEBUG] debug-file - hvigorfile, resolving /Users/guichunbai/github/TimePicker-Harmony/entry/hvigorfile.ts
[2025-10-18T16:18:08.700] [DEBUG] debug-file - Start initialize module-target build option map, moduleName=entry, buildMode=debug
[2025-10-18T16:18:08.705] [DEBUG] debug-file - Module entry task initialization takes 3 ms 
[2025-10-18T16:18:08.706] [DEBUG] debug-file - project has submodules:entry
[2025-10-18T16:18:08.716] [DEBUG] debug-file - Configuration task cost before running: 842 ms 
[2025-10-18T16:18:08.717] [DEBUG] debug-file - Executing task :entry:clean
[2025-10-18T16:18:08.729] [DEBUG] debug-file - entry : clean cost memory 0.7467575073242188
[2025-10-18T16:18:08.735] [DEBUG] debug-file - Obtain build option for module 'entry' target 'default'in this build.
[2025-10-18T16:18:07.662] [DEBUG] debug-file - env: hvigor-config.json5 content = {
  modelVersion: '5.0.0',
  dependencies: {},
  execution: {},
  logging: {},
  debugging: {},
  nodeOptions: {}
}
[2025-10-18T16:18:07.881] [DEBUG] debug-file - Since current hvigor version 5.18.6 differs from last hvigor version 
      undefined, delete file-cache.json and task-cache.json.
[2025-10-18T16:18:08.531] [DEBUG] debug-file - hvigorfile, binding system plugins [Function: appTasks]
[2025-10-18T16:18:08.642] [DEBUG] debug-file - Picking option from product 'default' with build mode 'debug'.
[2025-10-18T16:18:08.650] [DEBUG] debug-file - No signingConfig found, initRemoteHspCache failed.
[2025-10-18T16:18:08.743] [DEBUG] debug-file - Create  resident worker with id: 0.
[2025-10-18T16:18:08.686] [DEBUG] debug-file - hvigorfile, binding custom plugins []
[2025-10-18T16:18:08.694] [DEBUG] debug-file - hvigorfile, require result:  { default: { system: [Function: hapTasks], plugins: [] } }
[2025-10-18T16:18:08.700] [DEBUG] debug-file - Target 'default' config initialized
[2025-10-18T16:18:08.705] [DEBUG] debug-file - hvigorfile, binding custom plugins []
[2025-10-18T16:18:08.706] [DEBUG] debug-file - start to load updatedOhPackageInfo to the disk
[2025-10-18T16:18:08.718] [DEBUG] debug-file - clean: Worker pool is inactive.
[2025-10-18T16:18:08.729] [DEBUG] debug-file - runTaskFromQueue task cost before running: 855 ms 
[2025-10-18T16:18:08.737] [DEBUG] debug-file - Obtain build option for module 'entry' target 'ohosTest'in this build.
[2025-10-18T16:18:07.663] [DEBUG] debug-file - env: daemon=false
[2025-10-18T16:18:07.881] [DEBUG] debug-file - Cache service initialization finished in 1 ms 
[2025-10-18T16:18:08.642] [DEBUG] debug-file - Product 'default' build option initialized
[2025-10-18T16:18:08.744] [DEBUG] debug-file - Create  resident worker with id: 1.
[2025-10-18T16:18:08.686] [DEBUG] debug-file - hvigorfile, no custom plugins were found in /Users/guichunbai/github/TimePicker-Harmony/hvigorfile.ts
[2025-10-18T16:18:08.694] [DEBUG] debug-file - hvigorfile, binding system plugins [Function: hapTasks]
[2025-10-18T16:18:08.701] [DEBUG] debug-file - Target 'ohosTest' config initialized
[2025-10-18T16:18:08.705] [DEBUG] debug-file - hvigorfile, no custom plugins were found in /Users/guichunbai/github/TimePicker-Harmony/entry/hvigorfile.ts
[2025-10-18T16:18:08.708] [DEBUG] debug-file - load to the disk finished
[2025-10-18T16:18:08.730] [INFO] debug-file - Finished :entry:clean... after 12 ms 
[2025-10-18T16:18:08.742] [DEBUG] debug-file - Since there is no instance or instance is terminated, create a new worker pool.
[2025-10-18T16:18:07.663] [DEBUG] debug-file - no-daemon, use the parent process.execArgv --max-old-space-size=8192,--max-semi-space-size=16,--expose-gc
[2025-10-18T16:18:08.642] [DEBUG] debug-file - End initialize project's product build option map with build mode 'debug'.
[2025-10-18T16:18:08.745] [DEBUG] debug-file - Current worker pool is stopped or closed.
[2025-10-18T16:18:08.686] [DEBUG] debug-file - hvigorfile, resolve finished /Users/guichunbai/github/TimePicker-Harmony/hvigorfile.ts
[2025-10-18T16:18:08.701] [DEBUG] debug-file - Module 'entry' target 'default' build option initialized
[2025-10-18T16:18:08.705] [DEBUG] debug-file - hvigorfile, resolve finished /Users/guichunbai/github/TimePicker-Harmony/entry/hvigorfile.ts
[2025-10-18T16:18:08.708] [DEBUG] debug-file - Start to initialize dependency information.
[2025-10-18T16:18:08.730] [DEBUG] debug-file - Executing task ::clean
[2025-10-18T16:18:08.742] [DEBUG] debug-file - Worker pool is initialized with config:  {
  minPoolNum: 2,
  maxPoolNum: undefined,
  maxCoreSize: undefined,
  cacheCapacity: undefined,
  cacheTtl: undefined
}
[2025-10-18T16:18:08.745] [DEBUG] debug-file - Clear worker 0.
[2025-10-18T16:18:08.701] [DEBUG] debug-file - Module 'entry' target 'ohosTest' build option initialized
[2025-10-18T16:18:08.711] [DEBUG] debug-file - Module TimePicker-Harmony Collected Dependency: 
[2025-10-18T16:18:08.730] [DEBUG] debug-file - clean: Worker pool is inactive.
[2025-10-18T16:18:08.745] [DEBUG] debug-file - Worker 0 has been cleared.
[2025-10-18T16:18:08.701] [DEBUG] debug-file - End initialize module-target build option map, moduleName=entry
[2025-10-18T16:18:08.711] [DEBUG] debug-file - Module TimePicker-Harmony's total dependency: 0
[2025-10-18T16:18:08.730] [DEBUG] debug-file - TimePicker-Harmony : clean cost memory 0.0269927978515625
[2025-10-18T16:18:08.745] [DEBUG] debug-file - Current idle worker size: 1.
[2025-10-18T16:18:08.701] [DEBUG] debug-file - Start initialize module-target build option map, moduleName=entry, buildMode=release
[2025-10-18T16:18:08.712] [DEBUG] debug-file - Start to initialize dependency information.
[2025-10-18T16:18:08.730] [DEBUG] debug-file - runTaskFromQueue task cost before running: 856 ms 
[2025-10-18T16:18:08.745] [DEBUG] debug-file - Current busy worker size: 0.
[2025-10-18T16:18:08.701] [DEBUG] debug-file - Target 'default' config initialized
[2025-10-18T16:18:08.712] [DEBUG] debug-file - Module entry Collected Dependency: 
[2025-10-18T16:18:08.730] [INFO] debug-file - Finished ::clean... after 1 ms 
[2025-10-18T16:18:08.745] [DEBUG] debug-file - Clear worker 1.
[2025-10-18T16:18:08.701] [DEBUG] debug-file - Target 'ohosTest' config initialized
[2025-10-18T16:18:08.712] [DEBUG] debug-file - Module entry's total dependency: 0
[2025-10-18T16:18:08.701] [DEBUG] debug-file - Module 'entry' target 'default' build option initialized
[2025-10-18T16:18:08.745] [DEBUG] debug-file - Worker 1 has been cleared.
[2025-10-18T16:18:08.730] [DEBUG] debug-file - Executing task :entry:init
[2025-10-18T16:18:08.715] [DEBUG] debug-file - Configuration phase cost:832 ms 
[2025-10-18T16:18:08.701] [DEBUG] debug-file - Module 'entry' target 'ohosTest' build option initialized
[2025-10-18T16:18:08.745] [DEBUG] debug-file - Current idle worker size: 0.
[2025-10-18T16:18:08.730] [DEBUG] debug-file - entry : init cost memory 0.0101470947265625
[2025-10-18T16:18:08.745] [DEBUG] debug-file - Current busy worker size: 0.
[2025-10-18T16:18:08.701] [DEBUG] debug-file - End initialize module-target build option map, moduleName=entry
[2025-10-18T16:18:08.730] [DEBUG] debug-file - runTaskFromQueue task cost before running: 856 ms 
[2025-10-18T16:18:08.745] [DEBUG] debug-file - hvigor build process will be closed.
[2025-10-18T16:18:08.701] [DEBUG] debug-file - Start initialize module-target build option map, moduleName=entry, buildMode=debug
[2025-10-18T16:18:08.730] [INFO] debug-file - Finished :entry:init... after 1 ms 
[2025-10-18T16:18:08.749] [DEBUG] debug-file - worker[0] exits with exit code 0.
[2025-10-18T16:18:08.701] [DEBUG] debug-file - Target 'default' config initialized
[2025-10-18T16:18:08.730] [DEBUG] debug-file - Executing task ::init
[2025-10-18T16:18:08.749] [DEBUG] debug-file - worker[1] exits with exit code 0.
[2025-10-18T16:18:08.701] [DEBUG] debug-file - Target 'ohosTest' config initialized
[2025-10-18T16:18:08.731] [DEBUG] debug-file - TimePicker-Harmony : init cost memory 0.0089263916015625
[2025-10-18T16:18:08.749] [DEBUG] debug-file - Current worker pool is terminated.
[2025-10-18T16:18:08.701] [DEBUG] debug-file - Module 'entry' target 'default' build option initialized
[2025-10-18T16:18:08.731] [DEBUG] debug-file - runTaskFromQueue task cost before running: 856 ms 
[2025-10-18T16:18:08.701] [DEBUG] debug-file - Module 'entry' target 'ohosTest' build option initialized
[2025-10-18T16:18:08.731] [INFO] debug-file - Finished ::init... after 1 ms 
[2025-10-18T16:18:08.701] [DEBUG] debug-file - End initialize module-target build option map, moduleName=entry
[2025-10-18T16:18:08.702] [DEBUG] debug-file - Obtain build option for module 'entry' target 'default'in this build.
[2025-10-18T16:18:17.841] [DEBUG] debug-file - java daemon tryConnect success
[2025-10-18T16:18:17.594] [DEBUG] debug-file - env: nodejsVersion=v18.20.1
[2025-10-18T16:18:17.611] [DEBUG] debug-file - env: daemon=true
[2025-10-18T16:18:17.598] [DEBUG] debug-file - env: hvigor-config.json5 content = {
  modelVersion: '5.0.0',
  dependencies: {},
  execution: {},
  logging: {},
  debugging: {},
  nodeOptions: {}
}
[2025-10-18T16:18:17.895] [DEBUG] debug-file - session manager: set active socket. socketId=nDF5MXcIADSQ8IgfAAAB
[2025-10-18T16:18:18.122] [DEBUG] debug-file - watch worker: worker id should be larger than 0. Nothing will be sent to any worker thread.
[2025-10-18T16:18:18.132] [DEBUG] debug-file - Hvigor init with startParameters:{
  hvigorfileTypeCheck: false,
  parallelExecution: true,
  incrementalExecution: true,
  printStackTrace: false,
  daemon: true,
  analyze: 0,
  logLevel: Level { level: 20000, levelStr: 'INFO', colour: 'green' }
}
[2025-10-18T16:18:18.133] [DEBUG] debug-file - Cache service initialization finished in 1 ms 
[2025-10-18T16:18:18.138] [DEBUG] debug-file - hvigorfile, resolving /Users/guichunbai/github/TimePicker-Harmony/hvigorfile.ts
[2025-10-18T16:18:18.802] [DEBUG] debug-file - hvigorfile, require result:  { default: { plugins: [] } }
[2025-10-18T16:18:18.802] [DEBUG] debug-file - hvigorfile, binding system plugins null
[2025-10-18T16:18:18.907] [DEBUG] debug-file - Start initialize project's product build option map with build mode debug.
[2025-10-18T16:18:18.907] [DEBUG] debug-file - Picking option from product 'default' with build mode 'debug'.
[2025-10-18T16:18:18.907] [DEBUG] debug-file - Product 'default' build option initialized
[2025-10-18T16:18:18.907] [DEBUG] debug-file - End initialize project's product build option map with build mode 'debug'.
[2025-10-18T16:18:18.909] [DEBUG] debug-file - Obtain build option for product 'default'in this build.
[2025-10-18T16:18:18.914] [DEBUG] debug-file - No signingConfig found, initRemoteHspCache failed.
[2025-10-18T16:18:18.916] [DEBUG] debug-file - Local scan or download HarmonyOS sdk components toolchains,ets,js,native,previewer
[2025-10-18T16:18:18.917] [DEBUG] debug-file - Local scan or download hmscore sdk components toolchains,ets,native
[2025-10-18T16:18:18.919] [DEBUG] debug-file - Start recording SDK configuration permission data.
[2025-10-18T16:18:18.939] [DEBUG] debug-file - Sdk init in 25 ms 
[2025-10-18T16:18:18.947] [DEBUG] debug-file - Project task initialization takes 7 ms 
[2025-10-18T16:18:18.947] [DEBUG] debug-file - hvigorfile, binding custom plugins []
[2025-10-18T16:18:18.947] [DEBUG] debug-file - hvigorfile, no custom plugins were found in /Users/guichunbai/github/TimePicker-Harmony/hvigorfile.ts
[2025-10-18T16:18:18.947] [DEBUG] debug-file - hvigorfile, resolve finished /Users/guichunbai/github/TimePicker-Harmony/hvigorfile.ts
[2025-10-18T16:18:18.949] [DEBUG] debug-file - hvigorfile, resolving /Users/guichunbai/github/TimePicker-Harmony/entry/hvigorfile.ts
[2025-10-18T16:18:18.952] [DEBUG] debug-file - hvigorfile, require result:  { default: { plugins: [] } }
[2025-10-18T16:18:18.952] [DEBUG] debug-file - hvigorfile, binding system plugins null
[2025-10-18T16:18:18.958] [DEBUG] debug-file - Start initialize module-target build option map, moduleName=entry, buildMode=debug
[2025-10-18T16:18:18.958] [DEBUG] debug-file - Target 'default' config initialized
[2025-10-18T16:18:18.958] [DEBUG] debug-file - Target 'ohosTest' config initialized
[2025-10-18T16:18:18.959] [DEBUG] debug-file - Module 'entry' target 'default' build option initialized
[2025-10-18T16:18:18.959] [DEBUG] debug-file - Module 'entry' target 'ohosTest' build option initialized
[2025-10-18T16:18:18.959] [DEBUG] debug-file - End initialize module-target build option map, moduleName=entry
[2025-10-18T16:18:18.959] [DEBUG] debug-file - Start initialize module-target build option map, moduleName=entry, buildMode=release
[2025-10-18T16:18:18.959] [DEBUG] debug-file - Target 'default' config initialized
[2025-10-18T16:18:18.959] [DEBUG] debug-file - Target 'ohosTest' config initialized
[2025-10-18T16:18:18.959] [DEBUG] debug-file - Module 'entry' target 'default' build option initialized
[2025-10-18T16:18:18.959] [DEBUG] debug-file - Module 'entry' target 'ohosTest' build option initialized
[2025-10-18T16:18:18.959] [DEBUG] debug-file - End initialize module-target build option map, moduleName=entry
[2025-10-18T16:18:18.959] [DEBUG] debug-file - Start initialize module-target build option map, moduleName=entry, buildMode=debug
[2025-10-18T16:18:18.959] [DEBUG] debug-file - Target 'default' config initialized
[2025-10-18T16:18:18.959] [DEBUG] debug-file - Target 'ohosTest' config initialized
[2025-10-18T16:18:18.959] [DEBUG] debug-file - Module 'entry' target 'default' build option initialized
[2025-10-18T16:18:18.959] [DEBUG] debug-file - Module 'entry' target 'ohosTest' build option initialized
[2025-10-18T16:18:18.959] [DEBUG] debug-file - End initialize module-target build option map, moduleName=entry
[2025-10-18T16:18:18.959] [DEBUG] debug-file - Obtain build option for module 'entry' target 'default'in this build.
[2025-10-18T16:18:18.962] [DEBUG] debug-file - Module entry task initialization takes 2 ms 
[2025-10-18T16:18:18.962] [DEBUG] debug-file - hvigorfile, binding custom plugins []
[2025-10-18T16:18:18.963] [DEBUG] debug-file - hvigorfile, no custom plugins were found in /Users/guichunbai/github/TimePicker-Harmony/entry/hvigorfile.ts
[2025-10-18T16:18:18.963] [DEBUG] debug-file - hvigorfile, resolve finished /Users/guichunbai/github/TimePicker-Harmony/entry/hvigorfile.ts
[2025-10-18T16:18:19.010] [DEBUG] debug-file - hvigorfile, resolve hvigorfile dependencies in 47 ms 
[2025-10-18T16:18:19.011] [DEBUG] debug-file - project has submodules:entry
[2025-10-18T16:18:19.012] [DEBUG] debug-file - start to load updatedOhPackageInfo to the disk
[2025-10-18T16:18:19.014] [DEBUG] debug-file - load to the disk finished
[2025-10-18T16:18:19.014] [DEBUG] debug-file - Start to initialize dependency information.
[2025-10-18T16:18:19.017] [DEBUG] debug-file - Module TimePicker-Harmony Collected Dependency: 
[2025-10-18T16:18:19.017] [DEBUG] debug-file - Module TimePicker-Harmony's total dependency: 0
[2025-10-18T16:18:19.017] [DEBUG] debug-file - Start to initialize dependency information.
[2025-10-18T16:18:19.018] [DEBUG] debug-file - Module entry Collected Dependency: 
[2025-10-18T16:18:19.018] [DEBUG] debug-file - Module entry's total dependency: 0
[2025-10-18T16:18:19.020] [DEBUG] debug-file - Configuration phase cost:885 ms 
[2025-10-18T16:18:19.021] [DEBUG] debug-file - Configuration task cost before running: 895 ms 
[2025-10-18T16:18:19.022] [DEBUG] debug-file - jsonObjWithoutParam {} at undefined
[2025-10-18T16:18:19.022] [DEBUG] debug-file - jsonObjWithoutParam {"name":"entry","version":"1.0.0","description":"Please describe the basic information.","main":"","author":"","license":"","dependencies":{}} at undefined
[2025-10-18T16:18:19.024] [DEBUG] debug-file - Executing task :entry:default@PreBuild
[2025-10-18T16:18:19.026] [DEBUG] debug-file - jsonObjWithoutParam {} at undefined
[2025-10-18T16:18:19.026] [DEBUG] debug-file - jsonObjWithoutParam {"name":"entry","version":"1.0.0","description":"Please describe the basic information.","main":"","author":"","license":"","dependencies":{}} at undefined
[2025-10-18T16:18:19.087] [DEBUG] debug-file - current product is not Atomic service.
[2025-10-18T16:18:19.088] [DEBUG] debug-file - Use tool [darwin: JAVA_HOME, CLASSPATH]
 [
  {
    JAVA_HOME: '/Applications/DevEco-Studio.app/Contents/jbr/Contents/Home'
  },
  {
    CLASSPATH: '/Library/Java/JavaVirtualMachines/jdk-11.jdk/Contents/Home/lib/tools.jar:/Library/Java/JavaVirtualMachines/jdk-11.jdk/Contents/Home/lib/dt.jar:.'
  }
]
[2025-10-18T16:18:19.088] [DEBUG] debug-file - Use tool [darwin: NODE_HOME]
 [
  {
    NODE_HOME: '/Applications/DevEco-Studio.app/Contents/tools/node/bin'
  }
]
[2025-10-18T16:18:19.088] [DEBUG] debug-file - entry : default@PreBuild cost memory 9.742477416992188
[2025-10-18T16:18:19.088] [DEBUG] debug-file - runTaskFromQueue task cost before running: 962 ms 
[2025-10-18T16:18:19.089] [INFO] debug-file - Finished :entry:default@PreBuild... after 65 ms 
[2025-10-18T16:18:19.090] [DEBUG] debug-file - jsonObjWithoutParam {} at undefined
[2025-10-18T16:18:19.090] [DEBUG] debug-file - jsonObjWithoutParam {"name":"entry","version":"1.0.0","description":"Please describe the basic information.","main":"","author":"","license":"","dependencies":{}} at undefined
[2025-10-18T16:18:19.090] [DEBUG] debug-file - Executing task :entry:default@CreateModuleInfo
[2025-10-18T16:18:19.090] [DEBUG] debug-file - Task 'entry:default@CreateModuleInfo' cost while wrapping incremental declarations: 1 ms 
[2025-10-18T16:18:19.091] [DEBUG] debug-file - entry : default@CreateModuleInfo cost memory 0.05432891845703125
[2025-10-18T16:18:19.091] [DEBUG] debug-file - runTaskFromQueue task cost before running: 965 ms 
[2025-10-18T16:18:19.091] [INFO] debug-file - Finished :entry:default@CreateModuleInfo... after 1 ms 
[2025-10-18T16:18:19.092] [DEBUG] debug-file - jsonObjWithoutParam {} at undefined
[2025-10-18T16:18:19.092] [DEBUG] debug-file - jsonObjWithoutParam {"name":"entry","version":"1.0.0","description":"Please describe the basic information.","main":"","author":"","license":"","dependencies":{}} at undefined
[2025-10-18T16:18:19.092] [DEBUG] debug-file - Executing task :entry:default@GenerateMetadata
[2025-10-18T16:18:19.092] [DEBUG] debug-file - Task 'entry:default@GenerateMetadata' cost while wrapping incremental declarations: 1 ms 
[2025-10-18T16:18:19.092] [DEBUG] debug-file - jsonObjWithoutParam {} at undefined
[2025-10-18T16:18:19.092] [DEBUG] debug-file - jsonObjWithoutParam {"name":"entry","version":"1.0.0","description":"Please describe the basic information.","main":"","author":"","license":"","dependencies":{}} at undefined
[2025-10-18T16:18:19.093] [DEBUG] debug-file - entry : default@GenerateMetadata cost memory 0.098907470703125
[2025-10-18T16:18:19.093] [DEBUG] debug-file - runTaskFromQueue task cost before running: 967 ms 
[2025-10-18T16:18:19.093] [INFO] debug-file - Finished :entry:default@GenerateMetadata... after 2 ms 
[2025-10-18T16:18:19.094] [DEBUG] debug-file - jsonObjWithoutParam {} at undefined
[2025-10-18T16:18:19.094] [DEBUG] debug-file - jsonObjWithoutParam {"name":"entry","version":"1.0.0","description":"Please describe the basic information.","main":"","author":"","license":"","dependencies":{}} at undefined
[2025-10-18T16:18:19.094] [DEBUG] debug-file - Executing task :entry:default@ConfigureCmake
[2025-10-18T16:18:19.094] [DEBUG] debug-file - jsonObjWithoutParam {} at undefined
[2025-10-18T16:18:19.094] [DEBUG] debug-file - jsonObjWithoutParam {"name":"entry","version":"1.0.0","description":"Please describe the basic information.","main":"","author":"","license":"","dependencies":{}} at undefined
[2025-10-18T16:18:19.094] [DEBUG] debug-file - entry : default@ConfigureCmake cost memory 0.037567138671875
[2025-10-18T16:18:19.094] [DEBUG] debug-file - runTaskFromQueue task cost before running: 968 ms 
[2025-10-18T16:18:19.094] [INFO] debug-file - Finished :entry:default@ConfigureCmake... after 1 ms 
[2025-10-18T16:18:19.095] [DEBUG] debug-file - jsonObjWithoutParam {} at undefined
[2025-10-18T16:18:19.095] [DEBUG] debug-file - jsonObjWithoutParam {"name":"entry","version":"1.0.0","description":"Please describe the basic information.","main":"","author":"","license":"","dependencies":{}} at undefined
[2025-10-18T16:18:19.095] [DEBUG] debug-file - Executing task :entry:default@MergeProfile
[2025-10-18T16:18:19.096] [DEBUG] debug-file - jsonObjWithoutParam {} at undefined
[2025-10-18T16:18:19.096] [DEBUG] debug-file - jsonObjWithoutParam {"name":"entry","version":"1.0.0","description":"Please describe the basic information.","main":"","author":"","license":"","dependencies":{}} at undefined
[2025-10-18T16:18:19.096] [DEBUG] debug-file - Change app api release type with 'Release'
[2025-10-18T16:18:19.096] [DEBUG] debug-file - Change app compile API version with '5.1.0.125'
[2025-10-18T16:18:19.096] [DEBUG] debug-file - Change app target API version with '50100018'
[2025-10-18T16:18:19.096] [DEBUG] debug-file - Change app minimum API version with '50000012'
[2025-10-18T16:18:19.096] [DEBUG] debug-file - Use cli appEnvironment
[2025-10-18T16:18:19.097] [DEBUG] debug-file - entry : default@MergeProfile cost memory 0.17603302001953125
[2025-10-18T16:18:19.097] [DEBUG] debug-file - runTaskFromQueue task cost before running: 971 ms 
[2025-10-18T16:18:19.097] [INFO] debug-file - Finished :entry:default@MergeProfile... after 2 ms 
[2025-10-18T16:18:19.098] [DEBUG] debug-file - jsonObjWithoutParam {} at undefined
[2025-10-18T16:18:19.098] [DEBUG] debug-file - jsonObjWithoutParam {"name":"entry","version":"1.0.0","description":"Please describe the basic information.","main":"","author":"","license":"","dependencies":{}} at undefined
[2025-10-18T16:18:19.098] [DEBUG] debug-file - Executing task :entry:default@CreateBuildProfile
[2025-10-18T16:18:19.098] [DEBUG] debug-file - Task 'entry:default@CreateBuildProfile' cost while wrapping incremental declarations: 1 ms 
[2025-10-18T16:18:19.099] [DEBUG] debug-file - jsonObjWithoutParam {} at undefined
[2025-10-18T16:18:19.099] [DEBUG] debug-file - jsonObjWithoutParam {"name":"entry","version":"1.0.0","description":"Please describe the basic information.","main":"","author":"","license":"","dependencies":{}} at undefined
[2025-10-18T16:18:19.099] [DEBUG] debug-file - entry : default@CreateBuildProfile cost memory 0.101837158203125
[2025-10-18T16:18:19.099] [DEBUG] debug-file - runTaskFromQueue task cost before running: 973 ms 
[2025-10-18T16:18:19.099] [INFO] debug-file - Finished :entry:default@CreateBuildProfile... after 1 ms 
[2025-10-18T16:18:19.102] [DEBUG] debug-file - jsonObjWithoutParam {} at undefined
[2025-10-18T16:18:19.102] [DEBUG] debug-file - jsonObjWithoutParam {"name":"entry","version":"1.0.0","description":"Please describe the basic information.","main":"","author":"","license":"","dependencies":{}} at undefined
[2025-10-18T16:18:19.102] [DEBUG] debug-file - Executing task :entry:default@PreCheckSyscap
[2025-10-18T16:18:19.102] [DEBUG] debug-file - jsonObjWithoutParam {} at undefined
[2025-10-18T16:18:19.102] [DEBUG] debug-file - jsonObjWithoutParam {"name":"entry","version":"1.0.0","description":"Please describe the basic information.","main":"","author":"","license":"","dependencies":{}} at undefined
[2025-10-18T16:18:19.102] [DEBUG] debug-file - entry : default@PreCheckSyscap cost memory 0.03780364990234375
[2025-10-18T16:18:19.102] [DEBUG] debug-file - runTaskFromQueue task cost before running: 976 ms 
[2025-10-18T16:18:19.102] [INFO] debug-file - Finished :entry:default@PreCheckSyscap... after 1 ms 
[2025-10-18T16:18:19.103] [DEBUG] debug-file - jsonObjWithoutParam {} at undefined
[2025-10-18T16:18:19.103] [DEBUG] debug-file - jsonObjWithoutParam {"name":"entry","version":"1.0.0","description":"Please describe the basic information.","main":"","author":"","license":"","dependencies":{}} at undefined
[2025-10-18T16:18:19.103] [DEBUG] debug-file - Executing task :entry:default@GeneratePkgContextInfo
[2025-10-18T16:18:19.105] [DEBUG] debug-file - Task 'entry:default@GeneratePkgContextInfo' cost while wrapping incremental declarations: 1 ms 
[2025-10-18T16:18:19.106] [DEBUG] debug-file - entry : default@GeneratePkgContextInfo cost memory 0.36264801025390625
[2025-10-18T16:18:19.106] [DEBUG] debug-file - runTaskFromQueue task cost before running: 980 ms 
[2025-10-18T16:18:19.106] [INFO] debug-file - Finished :entry:default@GeneratePkgContextInfo... after 3 ms 
[2025-10-18T16:18:19.107] [DEBUG] debug-file - jsonObjWithoutParam {} at undefined
[2025-10-18T16:18:19.107] [DEBUG] debug-file - jsonObjWithoutParam {"name":"entry","version":"1.0.0","description":"Please describe the basic information.","main":"","author":"","license":"","dependencies":{}} at undefined
[2025-10-18T16:18:19.108] [DEBUG] debug-file - Executing task :entry:default@ProcessIntegratedHsp
[2025-10-18T16:18:19.108] [DEBUG] debug-file - jsonObjWithoutParam {} at undefined
[2025-10-18T16:18:19.108] [DEBUG] debug-file - jsonObjWithoutParam {"name":"entry","version":"1.0.0","description":"Please describe the basic information.","main":"","author":"","license":"","dependencies":{}} at undefined
[2025-10-18T16:18:19.108] [DEBUG] debug-file - entry : default@ProcessIntegratedHsp cost memory 0.0698394775390625
[2025-10-18T16:18:19.108] [DEBUG] debug-file - runTaskFromQueue task cost before running: 982 ms 
[2025-10-18T16:18:19.108] [INFO] debug-file - Finished :entry:default@ProcessIntegratedHsp... after 1 ms 
[2025-10-18T16:18:19.109] [DEBUG] debug-file - jsonObjWithoutParam {} at undefined
[2025-10-18T16:18:19.109] [DEBUG] debug-file - jsonObjWithoutParam {"name":"entry","version":"1.0.0","description":"Please describe the basic information.","main":"","author":"","license":"","dependencies":{}} at undefined
[2025-10-18T16:18:19.109] [DEBUG] debug-file - Executing task :entry:default@BuildNativeWithCmake
[2025-10-18T16:18:19.110] [DEBUG] debug-file - jsonObjWithoutParam {} at undefined
[2025-10-18T16:18:19.110] [DEBUG] debug-file - jsonObjWithoutParam {"name":"entry","version":"1.0.0","description":"Please describe the basic information.","main":"","author":"","license":"","dependencies":{}} at undefined
[2025-10-18T16:18:19.110] [DEBUG] debug-file - entry : default@BuildNativeWithCmake cost memory 0.039093017578125
[2025-10-18T16:18:19.110] [DEBUG] debug-file - runTaskFromQueue task cost before running: 984 ms 
[2025-10-18T16:18:19.110] [INFO] debug-file - Finished :entry:default@BuildNativeWithCmake... after 1 ms 
[2025-10-18T16:18:19.110] [DEBUG] debug-file - jsonObjWithoutParam {} at undefined
[2025-10-18T16:18:19.110] [DEBUG] debug-file - jsonObjWithoutParam {"name":"entry","version":"1.0.0","description":"Please describe the basic information.","main":"","author":"","license":"","dependencies":{}} at undefined
[2025-10-18T16:18:19.111] [DEBUG] debug-file - Executing task :entry:default@MakePackInfo
[2025-10-18T16:18:19.111] [DEBUG] debug-file - jsonObjWithoutParam {} at undefined
[2025-10-18T16:18:19.111] [DEBUG] debug-file - jsonObjWithoutParam {"name":"entry","version":"1.0.0","description":"Please describe the basic information.","main":"","author":"","license":"","dependencies":{}} at undefined
[2025-10-18T16:18:19.112] [DEBUG] debug-file - Module Pack Info:  {
  summary: {
    app: { bundleName: 'c***r', bundleType: 'app', version: [Object] },
    modules: [ [Object] ]
  },
  packages: [
    {
      deviceType: [Array],
      moduleType: 'entry',
      deliveryWithInstall: true,
      name: 'entry-default'
    }
  ]
}
[2025-10-18T16:18:19.112] [DEBUG] debug-file - entry : default@MakePackInfo cost memory 0.150604248046875
[2025-10-18T16:18:19.112] [DEBUG] debug-file - runTaskFromQueue task cost before running: 986 ms 
[2025-10-18T16:18:19.113] [INFO] debug-file - Finished :entry:default@MakePackInfo... after 2 ms 
[2025-10-18T16:18:19.113] [DEBUG] debug-file - jsonObjWithoutParam {} at undefined
[2025-10-18T16:18:19.113] [DEBUG] debug-file - jsonObjWithoutParam {"name":"entry","version":"1.0.0","description":"Please describe the basic information.","main":"","author":"","license":"","dependencies":{}} at undefined
[2025-10-18T16:18:19.114] [DEBUG] debug-file - Executing task :entry:default@SyscapTransform
[2025-10-18T16:18:19.114] [DEBUG] debug-file - File: '/Users/guichunbai/github/TimePicker-Harmony/entry/src/main/syscap.json' from 'sysCapJsonPath' is not exists, just ignore.
[2025-10-18T16:18:19.114] [DEBUG] debug-file - Task 'entry:default@SyscapTransform' cost while wrapping incremental declarations: 1 ms 
[2025-10-18T16:18:19.114] [DEBUG] debug-file - jsonObjWithoutParam {} at undefined
[2025-10-18T16:18:19.114] [DEBUG] debug-file - jsonObjWithoutParam {"name":"entry","version":"1.0.0","description":"Please describe the basic information.","main":"","author":"","license":"","dependencies":{}} at undefined
[2025-10-18T16:18:19.114] [DEBUG] debug-file - entry : default@SyscapTransform cost memory 0.075164794921875
[2025-10-18T16:18:19.114] [DEBUG] debug-file - runTaskFromQueue task cost before running: 988 ms 
[2025-10-18T16:18:19.114] [INFO] debug-file - Finished :entry:default@SyscapTransform... after 1 ms 
[2025-10-18T16:18:19.115] [DEBUG] debug-file - jsonObjWithoutParam {} at undefined
[2025-10-18T16:18:19.115] [DEBUG] debug-file - jsonObjWithoutParam {"name":"entry","version":"1.0.0","description":"Please describe the basic information.","main":"","author":"","license":"","dependencies":{}} at undefined
[2025-10-18T16:18:19.116] [DEBUG] debug-file - Executing task :entry:default@ProcessProfile
[2025-10-18T16:18:19.116] [DEBUG] debug-file - jsonObjWithoutParam {} at undefined
[2025-10-18T16:18:19.116] [DEBUG] debug-file - jsonObjWithoutParam {"name":"entry","version":"1.0.0","description":"Please describe the basic information.","main":"","author":"","license":"","dependencies":{}} at undefined
[2025-10-18T16:18:19.117] [DEBUG] debug-file - [
  '/Applications/DevEco-Studio.app/Contents/tools/node/bin/node',
  '/Applications/DevEco-Studio.app/Contents/sdk/default/openharmony/ets/build-tools/ets-loader/bin/ark/ts2abc.js',
  '--target-api-version',
  '12',
  '--target-api-sub-version',
  'beta1'
]
[2025-10-18T16:18:19.167] [DEBUG] debug-file - 12.0.2.0
[2025-10-18T16:18:19.168] [DEBUG] debug-file - entry : default@ProcessProfile cost memory 0.5587615966796875
[2025-10-18T16:18:19.168] [DEBUG] debug-file - runTaskFromQueue task cost before running: 1 s 42 ms 
[2025-10-18T16:18:19.168] [INFO] debug-file - Finished :entry:default@ProcessProfile... after 53 ms 
[2025-10-18T16:18:19.169] [DEBUG] debug-file - jsonObjWithoutParam {} at undefined
[2025-10-18T16:18:19.169] [DEBUG] debug-file - jsonObjWithoutParam {"name":"entry","version":"1.0.0","description":"Please describe the basic information.","main":"","author":"","license":"","dependencies":{}} at undefined
[2025-10-18T16:18:19.170] [DEBUG] debug-file - Executing task :entry:default@ProcessRouterMap
[2025-10-18T16:18:19.170] [DEBUG] debug-file - jsonObjWithoutParam {} at undefined
[2025-10-18T16:18:19.170] [DEBUG] debug-file - jsonObjWithoutParam {"name":"entry","version":"1.0.0","description":"Please describe the basic information.","main":"","author":"","license":"","dependencies":{}} at undefined
[2025-10-18T16:18:19.171] [DEBUG] debug-file - entry : default@ProcessRouterMap cost memory 0.13433074951171875
[2025-10-18T16:18:19.171] [DEBUG] debug-file - runTaskFromQueue task cost before running: 1 s 45 ms 
[2025-10-18T16:18:19.171] [INFO] debug-file - Finished :entry:default@ProcessRouterMap... after 2 ms 
[2025-10-18T16:18:19.172] [DEBUG] debug-file - jsonObjWithoutParam {} at undefined
[2025-10-18T16:18:19.172] [DEBUG] debug-file - jsonObjWithoutParam {"name":"entry","version":"1.0.0","description":"Please describe the basic information.","main":"","author":"","license":"","dependencies":{}} at undefined
[2025-10-18T16:18:19.172] [DEBUG] debug-file - Executing task :entry:default@ProcessStartupConfig
[2025-10-18T16:18:19.172] [DEBUG] debug-file - Task 'entry:default@ProcessStartupConfig' cost while wrapping incremental declarations: 1 ms 
[2025-10-18T16:18:19.173] [DEBUG] debug-file - jsonObjWithoutParam {} at undefined
[2025-10-18T16:18:19.173] [DEBUG] debug-file - jsonObjWithoutParam {"name":"entry","version":"1.0.0","description":"Please describe the basic information.","main":"","author":"","license":"","dependencies":{}} at undefined
[2025-10-18T16:18:19.173] [DEBUG] debug-file - entry : default@ProcessStartupConfig cost memory 0.15997314453125
[2025-10-18T16:18:19.173] [DEBUG] debug-file - runTaskFromQueue task cost before running: 1 s 47 ms 
[2025-10-18T16:18:19.174] [INFO] debug-file - Finished :entry:default@ProcessStartupConfig... after 2 ms 
[2025-10-18T16:18:19.174] [DEBUG] debug-file - jsonObjWithoutParam {} at undefined
[2025-10-18T16:18:19.174] [DEBUG] debug-file - jsonObjWithoutParam {"name":"entry","version":"1.0.0","description":"Please describe the basic information.","main":"","author":"","license":"","dependencies":{}} at undefined
[2025-10-18T16:18:19.174] [DEBUG] debug-file - Executing task :entry:default@BuildNativeWithNinja
[2025-10-18T16:18:19.174] [DEBUG] debug-file - jsonObjWithoutParam {} at undefined
[2025-10-18T16:18:19.174] [DEBUG] debug-file - jsonObjWithoutParam {"name":"entry","version":"1.0.0","description":"Please describe the basic information.","main":"","author":"","license":"","dependencies":{}} at undefined
[2025-10-18T16:18:19.175] [DEBUG] debug-file - entry : default@BuildNativeWithNinja cost memory 0.05768585205078125
[2025-10-18T16:18:19.175] [DEBUG] debug-file - runTaskFromQueue task cost before running: 1 s 49 ms 
[2025-10-18T16:18:19.175] [INFO] debug-file - Finished :entry:default@BuildNativeWithNinja... after 1 ms 
[2025-10-18T16:18:19.176] [DEBUG] debug-file - jsonObjWithoutParam {} at undefined
[2025-10-18T16:18:19.176] [DEBUG] debug-file - jsonObjWithoutParam {"name":"entry","version":"1.0.0","description":"Please describe the basic information.","main":"","author":"","license":"","dependencies":{}} at undefined
[2025-10-18T16:18:19.176] [DEBUG] debug-file - restool module names: entry; moduleName=entry, taskName=default@ProcessResource
[2025-10-18T16:18:19.177] [DEBUG] debug-file - Executing task :entry:default@ProcessResource
[2025-10-18T16:18:19.178] [DEBUG] debug-file - jsonObjWithoutParam {} at undefined
[2025-10-18T16:18:19.178] [DEBUG] debug-file - jsonObjWithoutParam {"name":"entry","version":"1.0.0","description":"Please describe the basic information.","main":"","author":"","license":"","dependencies":{}} at undefined
[2025-10-18T16:18:19.178] [DEBUG] debug-file - entry : default@ProcessResource cost memory 0.15149688720703125
[2025-10-18T16:18:19.179] [DEBUG] debug-file - runTaskFromQueue task cost before running: 1 s 52 ms 
[2025-10-18T16:18:19.179] [INFO] debug-file - Finished :entry:default@ProcessResource... after 2 ms 
[2025-10-18T16:18:19.180] [DEBUG] debug-file - jsonObjWithoutParam {} at undefined
[2025-10-18T16:18:19.180] [DEBUG] debug-file - jsonObjWithoutParam {"name":"entry","version":"1.0.0","description":"Please describe the basic information.","main":"","author":"","license":"","dependencies":{}} at undefined
[2025-10-18T16:18:19.181] [DEBUG] debug-file - Executing task :entry:default@GenerateLoaderJson
[2025-10-18T16:18:19.186] [DEBUG] debug-file - entry : default@GenerateLoaderJson cost memory 0.5984878540039062
[2025-10-18T16:18:19.186] [DEBUG] debug-file - runTaskFromQueue task cost before running: 1 s 60 ms 
[2025-10-18T16:18:19.187] [INFO] debug-file - Finished :entry:default@GenerateLoaderJson... after 5 ms 
[2025-10-18T16:18:19.188] [DEBUG] debug-file - jsonObjWithoutParam {} at undefined
[2025-10-18T16:18:19.188] [DEBUG] debug-file - jsonObjWithoutParam {"name":"entry","version":"1.0.0","description":"Please describe the basic information.","main":"","author":"","license":"","dependencies":{}} at undefined
[2025-10-18T16:18:19.188] [DEBUG] debug-file - Executing task :entry:default@ProcessLibs
[2025-10-18T16:18:19.189] [DEBUG] debug-file - jsonObjWithoutParam {} at undefined
[2025-10-18T16:18:19.189] [DEBUG] debug-file - jsonObjWithoutParam {"name":"entry","version":"1.0.0","description":"Please describe the basic information.","main":"","author":"","license":"","dependencies":{}} at undefined
[2025-10-18T16:18:19.190] [DEBUG] debug-file - Worker dispatch failed, running processLibs on main thread.
[2025-10-18T16:18:19.191] [DEBUG] debug-file - entry : default@ProcessLibs cost memory 0.37610626220703125
[2025-10-18T16:18:19.191] [DEBUG] debug-file - runTaskFromQueue task cost before running: 1 s 65 ms 
[2025-10-18T16:18:19.191] [INFO] debug-file - Finished :entry:default@ProcessLibs... after 3 ms 
[2025-10-18T16:18:19.192] [DEBUG] debug-file - jsonObjWithoutParam {} at undefined
[2025-10-18T16:18:19.192] [DEBUG] debug-file - jsonObjWithoutParam {"name":"entry","version":"1.0.0","description":"Please describe the basic information.","main":"","author":"","license":"","dependencies":{}} at undefined
[2025-10-18T16:18:19.192] [DEBUG] debug-file - restool module names: entry; moduleName=entry, taskName=default@CompileResource
[2025-10-18T16:18:19.193] [DEBUG] debug-file - Executing task :entry:default@CompileResource
[2025-10-18T16:18:19.271] [DEBUG] debug-file - Use tool [/Applications/DevEco-Studio.app/Contents/sdk/default/openharmony/toolchains/restool]
 [
  '/Applications/DevEco-Studio.app/Contents/sdk/default/openharmony/toolchains/restool',
  '-l',
  '/Users/guichunbai/github/TimePicker-Harmony/entry/build/default/intermediates/res/default/resConfig.json'
]
[2025-10-18T16:18:19.272] [DEBUG] debug-file - current process  memoryUsage: {
  rss: 271876096,
  heapTotal: 176521216,
  heapUsed: 146603672,
  external: 2879629,
  arrayBuffers: 984395
} os memoryUsage :31.896163940429688
[2025-10-18T16:18:19.278] [DEBUG] debug-file - Info: Pack: normal pack mode

[2025-10-18T16:18:19.325] [DEBUG] debug-file - Info: hardware concurrency count is : 10
Info: thread count is : 10

[2025-10-18T16:18:19.325] [DEBUG] debug-file - Info: thread pool is started

[2025-10-18T16:18:19.326] [DEBUG] debug-file - Info: GenericCompiler::CompileFiles

[2025-10-18T16:18:19.328] [DEBUG] debug-file - Info: GenericCompiler::CompileFiles

[2025-10-18T16:18:19.329] [DEBUG] debug-file - Info: GenericCompiler::CompileFiles

[2025-10-18T16:18:19.330] [DEBUG] debug-file - 10-18 16:18:19.330 72458 12021727 E C01400/ImageTranscoderUtils: DecodeToRGBA IN

[2025-10-18T16:18:19.330] [DEBUG] debug-file - 10-18 16:18:19.330 72458 12021727 E C01400/ImageTranscoderUtils: ImageFilter IN /Users/guichunbai/github/TimePicker-Harmony/AppScope/resources/base/media/app_icon.png

[2025-10-18T16:18:19.333] [DEBUG] debug-file - 10-18 16:18:19.333 72458 12021727 E C01400/ImageTranscoder: TranscodeSLR Only zoom-out is supported.

[2025-10-18T16:18:19.334] [DEBUG] debug-file - Warning: ScaleImage failed, error message: INVALID_PARAMETERS, file path = /Users/guichunbai/github/TimePicker-Harmony/AppScope/resources/base/media/app_icon.png

[2025-10-18T16:18:19.334] [DEBUG] debug-file - 10-18 16:18:19.334 72458 12021727 E C01400/ImageTranscoderUtils: DecodeToRGBA IN
10-18 16:18:19.334 72458 12021727 E C01400/ImageTranscoderUtils: ImageFilter IN /Users/guichunbai/github/TimePicker-Harmony/entry/src/main/resources/base/media/background.png

[2025-10-18T16:18:19.334] [DEBUG] debug-file - 10-18 16:18:19.334 72458 12021727 E C01400/ImageTranscoder: TranscodeSLR Only zoom-out is supported.

[2025-10-18T16:18:19.334] [DEBUG] debug-file - Warning: ScaleImage failed, error message: INVALID_PARAMETERS, file path = /Users/guichunbai/github/TimePicker-Harmony/entry/src/main/resources/base/media/background.png

[2025-10-18T16:18:19.335] [DEBUG] debug-file - 10-18 16:18:19.335 72458 12021727 E C01400/ImageTranscoderUtils: DecodeToRGBA IN
10-18 16:18:19.335 72458 12021727 E C01400/ImageTranscoderUtils: ImageFilter IN /Users/guichunbai/github/TimePicker-Harmony/entry/src/main/resources/base/media/foreground.png

[2025-10-18T16:18:19.335] [DEBUG] debug-file - 10-18 16:18:19.335 72458 12021727 E C01400/ImageTranscoder: TranscodeSLR Only zoom-out is supported.

[2025-10-18T16:18:19.335] [DEBUG] debug-file - Warning: ScaleImage failed, error message: INVALID_PARAMETERS, file path = /Users/guichunbai/github/TimePicker-Harmony/entry/src/main/resources/base/media/foreground.png

[2025-10-18T16:18:19.335] [DEBUG] debug-file - Info: can't scale media json file.

[2025-10-18T16:18:19.336] [DEBUG] debug-file - Warning: The width or height of the png file referenced by the icon exceeds the limit (41 pixels)
at /Users/guichunbai/github/TimePicker-Harmony/entry/src/main/resources/base/media/background.png

[2025-10-18T16:18:19.336] [DEBUG] debug-file - Warning: The width or height of the png file referenced by the icon exceeds the limit (41 pixels)
at /Users/guichunbai/github/TimePicker-Harmony/entry/src/main/resources/base/media/foreground.png
Warning: /Users/guichunbai/github/TimePicker-Harmony/entry/src/main/resources/base/media/layered_image.json is not png format

[2025-10-18T16:18:19.336] [DEBUG] debug-file - Info: restool resources compile success.

[2025-10-18T16:18:19.336] [DEBUG] debug-file - Info: thread pool is stopped

[2025-10-18T16:18:19.337] [DEBUG] debug-file - astcenc customized so is not be opened when dlclose!

[2025-10-18T16:18:19.339] [DEBUG] debug-file - entry : default@CompileResource cost memory 4.156089782714844
[2025-10-18T16:18:19.339] [DEBUG] debug-file - runTaskFromQueue task cost before running: 1 s 213 ms 
[2025-10-18T16:18:19.340] [INFO] debug-file - Finished :entry:default@CompileResource... after 147 ms 
[2025-10-18T16:18:19.341] [DEBUG] debug-file - jsonObjWithoutParam {} at undefined
[2025-10-18T16:18:19.341] [DEBUG] debug-file - jsonObjWithoutParam {"name":"entry","version":"1.0.0","description":"Please describe the basic information.","main":"","author":"","license":"","dependencies":{}} at undefined
[2025-10-18T16:18:19.342] [DEBUG] debug-file - Executing task :entry:default@DoNativeStrip
[2025-10-18T16:18:19.343] [DEBUG] debug-file - Task 'entry:default@DoNativeStrip' cost while wrapping incremental declarations: 1 ms 
[2025-10-18T16:18:19.343] [DEBUG] debug-file - jsonObjWithoutParam {} at undefined
[2025-10-18T16:18:19.343] [DEBUG] debug-file - jsonObjWithoutParam {"name":"entry","version":"1.0.0","description":"Please describe the basic information.","main":"","author":"","license":"","dependencies":{}} at undefined
[2025-10-18T16:18:19.344] [DEBUG] debug-file - entry : default@DoNativeStrip cost memory 0.06716156005859375
[2025-10-18T16:18:19.344] [DEBUG] debug-file - runTaskFromQueue task cost before running: 1 s 218 ms 
[2025-10-18T16:18:19.344] [INFO] debug-file - Finished :entry:default@DoNativeStrip... after 2 ms 
[2025-10-18T16:18:19.345] [DEBUG] debug-file - jsonObjWithoutParam {} at undefined
[2025-10-18T16:18:19.345] [DEBUG] debug-file - jsonObjWithoutParam {"name":"entry","version":"1.0.0","description":"Please describe the basic information.","main":"","author":"","license":"","dependencies":{}} at undefined
[2025-10-18T16:18:19.347] [DEBUG] debug-file - Executing task :entry:default@CompileArkTS
[2025-10-18T16:18:19.347] [DEBUG] debug-file - obfuscationOptions: undefined
[2025-10-18T16:18:19.356] [DEBUG] debug-file - build config:
[2025-10-18T16:18:19.356] [DEBUG] debug-file - {
  moduleType: 'entry',
  perf: 0,
  targetName: '.default',
  packageManagerType: 'ohpm',
  localPropertiesPath: '/Users/guichunbai/github/TimePicker-Harmony/local.properties',
  isPreview: false,
  isOhosTest: false,
  isLocalTest: false,
  buildMode: 'Debug',
  watchMode: 'false',
  aceProfilePath: '/Users/guichunbai/github/TimePicker-Harmony/entry/build/default/intermediates/res/default/resources/base/profile',
  etsLoaderPath: '/Applications/DevEco-Studio.app/Contents/sdk/default/openharmony/ets/build-tools/ets-loader',
  modulePath: '/Users/guichunbai/github/TimePicker-Harmony/entry',
  testFrameworkPar: {
    testMode: undefined,
    coveragePathFilter: undefined,
    coverageMode: undefined
  },
  needCoverageInsert: false,
  debugLine: false,
  projectTopDir: '/Users/guichunbai/github/TimePicker-Harmony',
  compileSdkVersion: 18,
  compatibleSdkVersion: 12,
  compatibleSdkVersionStage: 'beta1',
  bundleName: 'c***r',
  etsLoaderVersion: '5.1.0.125',
  etsLoaderReleaseType: 'Release',
  aotCompileMode: 'type',
  apPath: '/Users/guichunbai/github/TimePicker-Harmony/entry/modules.ap',
  entryModuleName: 'entry',
  entryModuleVersion: '1.0.0',
  entryPackageName: 'entry',
  allModuleNameHash: '8a1310f7ca04404656c16c6d2359e45f',
  externalApiPaths: [ '/Applications/DevEco-Studio.app/Contents/sdk/default/hms/ets' ],
  compilerTypes: undefined,
  isCrossplatform: false,
  hvigorPluginFile: undefined,
  compilePluginPath: undefined,
  buildGeneratedProfilePath: '/Users/guichunbai/github/TimePicker-Harmony/entry/build/default/generated/profile/default',
  bundleType: 'app',
  arkTSVersion: undefined,
  apiVersion: 18,
  needCompleteSourcesMap: false,
  isFaMode: false,
  strictMode: {
    caseSensitiveCheck: true,
    useNormalizedOHMUrl: true,
    noExternalImportByPath: true
  },
  buildDir: '/Users/guichunbai/github/TimePicker-Harmony/entry/build',
  deviceTypes: [ 'phone', 'tablet', '2in1' ],
  useNormalizedOHMUrl: true,
  pkgContextInfo: {
    '@ohos/hypium': {
      packageName: '@ohos/hypium',
      bundleName: '*****',
      moduleName: '',
      version: '1.0.19',
      entryPath: 'index.js',
      isSO: false,
      dependencyAlias: ''
    },
    '@ohos/hamock': {
      packageName: '@ohos/hamock',
      bundleName: '*****',
      moduleName: '',
      version: '1.0.0',
      entryPath: 'index.ets',
      isSO: false,
      dependencyAlias: ''
    },
    entry: {
      packageName: 'entry',
      bundleName: '*****',
      moduleName: '',
      version: '',
      entryPath: 'src/main/',
      isSO: false,
      dependencyAlias: ''
    }
  },
  ohPackagePathMap: {},
  dependencyAliasMap: {},
  permission: { requestPermissions: undefined, definePermissions: undefined },
  integratedHsp: false,
  projectArkOption: undefined,
  sourceMapDir: undefined,
  branchElimination: false,
  transformLib: undefined,
  caseSensitiveCheck: true,
  tsImportSendable: false,
  resolveConflictMode: true,
  depName2RootPath: {},
  depName2DepInfo: {},
  rootPathSet: [ '/Users/guichunbai/github/TimePicker-Harmony' ],
  useNativeResolver: true,
  shouldEmitJs: true,
  useTscResolve: false,
  singleFileEmit: false,
  userProjectConfig: {
    autoLazyImport: false,
    allowEmptyBundleName: false,
    reExportCheckMode: 'noCheck'
  },
  autoLazyImport: false,
  allowEmptyBundleName: false,
  reExportCheckMode: 'noCheck',
  arkCompileCachePath: '/Users/guichunbai/github/TimePicker-Harmony/entry/build/default/cache/default/default@CompileArkTS/esmodule',
  aceModuleJsonPath: '/Users/guichunbai/github/TimePicker-Harmony/entry/build/default/intermediates/res/default/ark_module.json',
  appResource: '/Users/guichunbai/github/TimePicker-Harmony/entry/build/default/intermediates/res/default/ResourceTable.txt',
  rawFileResource: '/Users/guichunbai/github/TimePicker-Harmony/entry/build/default/intermediates/res/default/resources/rawfile',
  resourceTableHash: 'e2c4d1f78d3068fe7aca8740259839f4',
  runtimeOS: 'HarmonyOS',
  sdkInfo: 'false:18:5.1.0.125:Release',
  aceModuleRoot: '/Users/guichunbai/github/TimePicker-Harmony/entry/src/main/ets',
  compileMode: 'esmodule',
  aceSuperVisualPath: '/Users/guichunbai/github/TimePicker-Harmony/entry/src/main/supervisual',
  aceBuildJson: '/Users/guichunbai/github/TimePicker-Harmony/entry/build/default/intermediates/loader/default/loader.json',
  cachePath: '/Users/guichunbai/github/TimePicker-Harmony/entry/build/default/cache/default/default@CompileArkTS/esmodule/debug',
  aceModuleBuild: '/Users/guichunbai/github/TimePicker-Harmony/entry/build/default/intermediates/loader_out/default/ets',
  supportChunks: true,
  declaredFilesPath: undefined,
  pkgNameToPkgBriefInfo: {
    entry: {
      pkgRoot: '/Users/guichunbai/github/TimePicker-Harmony/entry',
      originalSourceRoots: undefined,
      sourceRoots: [Array],
      pkgName: 'entry'
    }
  },
  projectModel: {
    '/Users/guichunbai/github/TimePicker-Harmony/entry/src/main': {
      moduleName: 'entry',
      modulePkgPath: '/Users/guichunbai/github/TimePicker-Harmony/entry',
      belongProjectPath: '/Users/guichunbai/github/TimePicker-Harmony'
    },
    '/Users/guichunbai/github/TimePicker-Harmony/entry/build/default/intermediates/src/ohosTest/ets': {
      moduleName: 'entry_test',
      modulePkgPath: '/Users/guichunbai/github/TimePicker-Harmony/entry',
      belongProjectPath: '/Users/guichunbai/github/TimePicker-Harmony'
    },
    '/Users/guichunbai/github/TimePicker-Harmony/entry/src/ohosTest': {
      moduleName: 'entry_test',
      modulePkgPath: '/Users/guichunbai/github/TimePicker-Harmony/entry',
      belongProjectPath: '/Users/guichunbai/github/TimePicker-Harmony'
    },
    '/Users/guichunbai/github/TimePicker-Harmony/entry': {
      moduleName: 'entry',
      modulePkgPath: '/Users/guichunbai/github/TimePicker-Harmony/entry',
      belongProjectPath: '/Users/guichunbai/github/TimePicker-Harmony'
    },
    '/Users/guichunbai/github/TimePicker-Harmony': {
      moduleName: 'TimePicker-Harmony',
      modulePkgPath: '/Users/guichunbai/github/TimePicker-Harmony',
      belongProjectPath: '/Users/guichunbai/github/TimePicker-Harmony'
    }
  },
  pkgJsonFileHash: '283ae0ea4686aa01c63bb9f5fdb0d131',
  allModulePaths: [ '/Users/guichunbai/github/TimePicker-Harmony/entry' ],
  routerMap: {},
  obfuscationOptions: undefined,
  compileBlockPkg: [],
  mockParams: {
    decorator: '@MockSetup',
    packageName: '@ohos/hamock',
    etsSourceRootPath: 'src/main/ets',
    mockConfigPath: '/Users/guichunbai/github/TimePicker-Harmony/entry/src/mock/mock-config.json5',
    mockConfigKey2ModuleInfo: {}
  },
  copyCodeResourceEnable: true,
  copyCodeResourceExcludes: [],
  uiTransformOptimization: false,
  otherPaths: {
    'entry/*': [ '../*', '../../../build/default/generated/profile/default/*' ]
  },
  collectImportersConfig: undefined
}
[2025-10-18T16:18:19.357] [DEBUG] debug-file - Compile arkts with external api path: /Applications/DevEco-Studio.app/Contents/sdk/default/hms/ets
[2025-10-18T16:18:19.357] [DEBUG] debug-file - Since there is no instance or instance is terminated, create a new worker pool.
[2025-10-18T16:18:19.357] [DEBUG] debug-file - Worker pool is initialized with config:  {
  minPoolNum: 2,
  maxPoolNum: undefined,
  maxCoreSize: undefined,
  cacheCapacity: undefined,
  cacheTtl: undefined
}
[2025-10-18T16:18:19.358] [DEBUG] debug-file - Create  resident worker with id: 0.
[2025-10-18T16:18:19.359] [DEBUG] debug-file - Create  resident worker with id: 1.
[2025-10-18T16:18:19.360] [DEBUG] debug-file - default@CompileArkTS work[0] is submitted.
[2025-10-18T16:18:19.361] [DEBUG] debug-file - default@CompileArkTS work[0] is pushed to ready queue.
[2025-10-18T16:18:19.361] [DEBUG] debug-file - A work dispatched to worker[9] failed because unable to get work from ready queue.
[2025-10-18T16:18:19.361] [DEBUG] debug-file - A work dispatched to worker[8] failed because unable to get work from ready queue.
[2025-10-18T16:18:19.361] [DEBUG] debug-file - A work dispatched to worker[7] failed because unable to get work from ready queue.
[2025-10-18T16:18:19.361] [DEBUG] debug-file - A work dispatched to worker[6] failed because unable to get work from ready queue.
[2025-10-18T16:18:19.361] [DEBUG] debug-file - A work dispatched to worker[5] failed because unable to get work from ready queue.
[2025-10-18T16:18:19.361] [DEBUG] debug-file - Create  resident worker with id: 4.
[2025-10-18T16:18:19.362] [DEBUG] debug-file - default@CompileArkTS work[0] has been dispatched to worker[4].
[2025-10-18T16:18:19.362] [DEBUG] debug-file - default@CompileArkTS work[0] is dispatched.
[2025-10-18T16:18:19.362] [DEBUG] debug-file - CopyResources startTime: 1495807578916791
[2025-10-18T16:18:19.362] [DEBUG] debug-file - default@CompileArkTS work[1] is submitted.
[2025-10-18T16:18:19.362] [DEBUG] debug-file - default@CompileArkTS work[1] is pushed to ready queue.
[2025-10-18T16:18:19.362] [DEBUG] debug-file - A work dispatched to worker[9] failed because unable to get work from ready queue.
[2025-10-18T16:18:19.362] [DEBUG] debug-file - Create  resident worker with id: 8.
[2025-10-18T16:18:19.363] [DEBUG] debug-file - default@CompileArkTS work[1] has been dispatched to worker[8].
[2025-10-18T16:18:19.363] [DEBUG] debug-file - default@CompileArkTS work[1] is dispatched.
[2025-10-18T16:18:19.363] [DEBUG] debug-file - entry : default@CompileArkTS cost memory 1.831146240234375
[2025-10-18T16:18:19.364] [DEBUG] debug-file - jsonObjWithoutParam {} at undefined
[2025-10-18T16:18:19.364] [DEBUG] debug-file - jsonObjWithoutParam {"name":"entry","version":"1.0.0","description":"Please describe the basic information.","main":"","author":"","license":"","dependencies":{}} at undefined
[2025-10-18T16:18:19.366] [DEBUG] debug-file - Executing task :entry:default@BuildJS
[2025-10-18T16:18:19.367] [DEBUG] debug-file - entry : default@BuildJS cost memory 0.125396728515625
[2025-10-18T16:18:19.367] [DEBUG] debug-file - runTaskFromQueue task cost before running: 1 s 241 ms 
[2025-10-18T16:18:19.367] [INFO] debug-file - Finished :entry:default@BuildJS... after 2 ms 
[2025-10-18T16:18:19.368] [DEBUG] debug-file - jsonObjWithoutParam {} at undefined
[2025-10-18T16:18:19.368] [DEBUG] debug-file - jsonObjWithoutParam {"name":"entry","version":"1.0.0","description":"Please describe the basic information.","main":"","author":"","license":"","dependencies":{}} at undefined
[2025-10-18T16:18:19.369] [DEBUG] debug-file - Executing task :entry:default@CacheNativeLibs
[2025-10-18T16:18:19.369] [DEBUG] debug-file - Task 'entry:default@CacheNativeLibs' cost while wrapping incremental declarations: 1 ms 
[2025-10-18T16:18:19.369] [DEBUG] debug-file - jsonObjWithoutParam {} at undefined
[2025-10-18T16:18:19.369] [DEBUG] debug-file - jsonObjWithoutParam {"name":"entry","version":"1.0.0","description":"Please describe the basic information.","main":"","author":"","license":"","dependencies":{}} at undefined
[2025-10-18T16:18:19.369] [DEBUG] debug-file - default@CacheNativeLibs work[2] is submitted.
[2025-10-18T16:18:19.370] [DEBUG] debug-file - default@CacheNativeLibs work[2] is pushed to ready queue.
[2025-10-18T16:18:19.370] [DEBUG] debug-file - A work dispatched to worker[9] failed because unable to get work from ready queue.
[2025-10-18T16:18:19.370] [DEBUG] debug-file - A work dispatched to worker[8] failed because of worker busy.
[2025-10-18T16:18:19.370] [DEBUG] debug-file - Create  resident worker with id: 7.
[2025-10-18T16:18:19.370] [DEBUG] debug-file - default@CacheNativeLibs work[2] has been dispatched to worker[7].
[2025-10-18T16:18:19.370] [DEBUG] debug-file - default@CacheNativeLibs work[2] is dispatched.
[2025-10-18T16:18:19.370] [DEBUG] debug-file - entry : default@CacheNativeLibs cost memory 0.240692138671875
[2025-10-18T16:18:19.720] [DEBUG] debug-file - worker[7] has one work done.
[2025-10-18T16:18:19.720] [DEBUG] debug-file - default@CacheNativeLibs work[2] done.
[2025-10-18T16:18:19.720] [DEBUG] debug-file - A work dispatched to worker[7] failed because unable to get work from ready queue.
[2025-10-18T16:18:19.720] [INFO] debug-file - Finished :entry:default@CacheNativeLibs... after 4 ms 
[2025-10-18T16:18:19.726] [DEBUG] debug-file - worker[8] has one work done.
[2025-10-18T16:18:19.726] [DEBUG] debug-file - CopyResources is end, endTime: 1495807943338833
[2025-10-18T16:18:19.726] [DEBUG] debug-file - default@CompileArkTS work[1] done.
[2025-10-18T16:18:19.726] [DEBUG] debug-file - A work dispatched to worker[8] failed because unable to get work from ready queue.
[2025-10-18T16:18:23.254] [DEBUG] debug-file - worker[4] has one work done.
[2025-10-18T16:18:23.254] [DEBUG] debug-file - Ark compile task finished.finished time is 1495811470672291
[2025-10-18T16:18:23.256] [DEBUG] debug-file - default@CompileArkTS work[0] done.
[2025-10-18T16:18:23.256] [DEBUG] debug-file - A work dispatched to worker[4] failed because unable to get work from ready queue.
[2025-10-18T16:18:23.257] [INFO] debug-file - Finished :entry:default@CompileArkTS... after 3 s 119 ms 
[2025-10-18T16:18:23.258] [DEBUG] debug-file - jsonObjWithoutParam {} at undefined
[2025-10-18T16:18:23.258] [DEBUG] debug-file - jsonObjWithoutParam {"name":"entry","version":"1.0.0","description":"Please describe the basic information.","main":"","author":"","license":"","dependencies":{}} at undefined
[2025-10-18T16:18:23.258] [DEBUG] debug-file - Executing task :entry:default@GeneratePkgModuleJson
[2025-10-18T16:18:23.258] [DEBUG] debug-file - Task 'entry:default@GeneratePkgModuleJson' cost while wrapping incremental declarations: 1 ms 
[2025-10-18T16:18:23.258] [DEBUG] debug-file - jsonObjWithoutParam {} at undefined
[2025-10-18T16:18:23.258] [DEBUG] debug-file - jsonObjWithoutParam {"name":"entry","version":"1.0.0","description":"Please describe the basic information.","main":"","author":"","license":"","dependencies":{}} at undefined
[2025-10-18T16:18:23.259] [DEBUG] debug-file - entry : default@GeneratePkgModuleJson cost memory 0.0735015869140625
[2025-10-18T16:18:23.259] [DEBUG] debug-file - runTaskFromQueue task cost before running: 5 s 133 ms 
[2025-10-18T16:18:23.259] [INFO] debug-file - Finished :entry:default@GeneratePkgModuleJson... after 1 ms 
[2025-10-18T16:18:23.260] [DEBUG] debug-file - jsonObjWithoutParam {} at undefined
[2025-10-18T16:18:23.260] [DEBUG] debug-file - jsonObjWithoutParam {"name":"entry","version":"1.0.0","description":"Please describe the basic information.","main":"","author":"","license":"","dependencies":{}} at undefined
[2025-10-18T16:18:23.262] [DEBUG] debug-file - Executing task :entry:default@PackageHap
[2025-10-18T16:18:23.263] [DEBUG] debug-file - jsonObjWithoutParam {} at undefined
[2025-10-18T16:18:23.263] [DEBUG] debug-file - jsonObjWithoutParam {"name":"entry","version":"1.0.0","description":"Please describe the basic information.","main":"","author":"","license":"","dependencies":{}} at undefined
[2025-10-18T16:18:23.264] [DEBUG] debug-file - Use tool [/Applications/DevEco-Studio.app/Contents/sdk/default/openharmony/toolchains/lib/app_packing_tool.jar]
 [
  'java',
  '-Dfile.encoding=utf-8',
  '-jar',
  '/Applications/DevEco-Studio.app/Contents/sdk/default/openharmony/toolchains/lib/app_packing_tool.jar',
  '--mode',
  'hap',
  '--force',
  'true',
  '--lib-path',
  '/Users/guichunbai/github/TimePicker-Harmony/entry/build/default/intermediates/stripped_native_libs/default',
  '--json-path',
  '/Users/guichunbai/github/TimePicker-Harmony/entry/build/default/intermediates/package/default/module.json',
  '--resources-path',
  '/Users/guichunbai/github/TimePicker-Harmony/entry/build/default/intermediates/res/default/resources',
  '--index-path',
  '/Users/guichunbai/github/TimePicker-Harmony/entry/build/default/intermediates/res/default/resources.index',
  '--pack-info-path',
  '/Users/guichunbai/github/TimePicker-Harmony/entry/build/default/outputs/default/pack.info',
  '--out-path',
  '/Users/guichunbai/github/TimePicker-Harmony/entry/build/default/outputs/default/entry-default-unsigned.hap',
  '--ets-path',
  '/Users/guichunbai/github/TimePicker-Harmony/entry/build/default/intermediates/loader_out/default/ets',
  '--pkg-context-path',
  '/Users/guichunbai/github/TimePicker-Harmony/entry/build/default/intermediates/loader/default/pkgContextInfo.json'
]
[2025-10-18T16:18:23.284] [DEBUG] debug-file - java daemon socket received message:{"code":0,"message":"pack success"}
[2025-10-18T16:18:23.286] [DEBUG] debug-file - entry : default@PackageHap cost memory 0.8354568481445312
[2025-10-18T16:18:23.286] [DEBUG] debug-file - runTaskFromQueue task cost before running: 5 s 160 ms 
[2025-10-18T16:18:23.287] [INFO] debug-file - Finished :entry:default@PackageHap... after 25 ms 
[2025-10-18T16:18:23.288] [DEBUG] debug-file - jsonObjWithoutParam {} at undefined
[2025-10-18T16:18:23.288] [DEBUG] debug-file - jsonObjWithoutParam {"name":"entry","version":"1.0.0","description":"Please describe the basic information.","main":"","author":"","license":"","dependencies":{}} at undefined
[2025-10-18T16:18:23.288] [DEBUG] debug-file - Executing task :entry:default@SignHap
[2025-10-18T16:18:23.288] [WARN] debug-file - Will skip sign 'hos_hap'. No signingConfigs profile is configured in current project.
             If needed, configure the signingConfigs in /Users/guichunbai/github/TimePicker-Harmony/build-profile.json5.
[2025-10-18T16:18:23.289] [DEBUG] debug-file - jsonObjWithoutParam {} at undefined
[2025-10-18T16:18:23.289] [DEBUG] debug-file - jsonObjWithoutParam {"name":"entry","version":"1.0.0","description":"Please describe the basic information.","main":"","author":"","license":"","dependencies":{}} at undefined
[2025-10-18T16:18:23.289] [DEBUG] debug-file - entry : default@SignHap cost memory 0.07444000244140625
[2025-10-18T16:18:23.289] [DEBUG] debug-file - runTaskFromQueue task cost before running: 5 s 163 ms 
[2025-10-18T16:18:23.289] [INFO] debug-file - Finished :entry:default@SignHap... after 1 ms 
[2025-10-18T16:18:23.290] [DEBUG] debug-file - jsonObjWithoutParam {} at undefined
[2025-10-18T16:18:23.290] [DEBUG] debug-file - jsonObjWithoutParam {"name":"entry","version":"1.0.0","description":"Please describe the basic information.","main":"","author":"","license":"","dependencies":{}} at undefined
[2025-10-18T16:18:23.290] [DEBUG] debug-file - Executing task :entry:default@CollectDebugSymbol
[2025-10-18T16:18:23.291] [DEBUG] debug-file - jsonObjWithoutParam {} at undefined
[2025-10-18T16:18:23.291] [DEBUG] debug-file - jsonObjWithoutParam {"name":"entry","version":"1.0.0","description":"Please describe the basic information.","main":"","author":"","license":"","dependencies":{}} at undefined
[2025-10-18T16:18:23.291] [DEBUG] debug-file - entry : default@CollectDebugSymbol cost memory 0.1912689208984375
[2025-10-18T16:18:23.291] [DEBUG] debug-file - runTaskFromQueue task cost before running: 5 s 165 ms 
[2025-10-18T16:18:23.291] [INFO] debug-file - Finished :entry:default@CollectDebugSymbol... after 2 ms 
[2025-10-18T16:18:23.292] [DEBUG] debug-file - Executing task :entry:assembleHap
[2025-10-18T16:18:23.292] [DEBUG] debug-file - entry : assembleHap cost memory 0.01187896728515625
[2025-10-18T16:18:23.292] [DEBUG] debug-file - runTaskFromQueue task cost before running: 5 s 166 ms 
[2025-10-18T16:18:23.292] [INFO] debug-file - Finished :entry:assembleHap... after 1 ms 
[2025-10-18T16:18:23.293] [DEBUG] debug-file - BUILD SUCCESSFUL in 5 s 167 ms 
[2025-10-18T16:18:23.293] [DEBUG] debug-file - Update task entry:default@PreBuild input file:/Users/guichunbai/github/TimePicker-Harmony/AppScope/app.json5 cache by regenerate.
[2025-10-18T16:18:23.293] [DEBUG] debug-file - Update task entry:default@PreBuild input file:/Users/guichunbai/github/TimePicker-Harmony/entry/src/main/module.json5 cache by regenerate.
[2025-10-18T16:18:23.293] [DEBUG] debug-file - Update task entry:default@PreBuild input file:/Users/guichunbai/github/TimePicker-Harmony/build-profile.json5 cache by regenerate.
[2025-10-18T16:18:23.293] [DEBUG] debug-file - Update task entry:default@PreBuild input file:/Users/guichunbai/github/TimePicker-Harmony/entry/build-profile.json5 cache by regenerate.
[2025-10-18T16:18:23.293] [DEBUG] debug-file - Update task entry:default@PreBuild input file:/Users/guichunbai/github/TimePicker-Harmony/entry/src/main/resources/base/profile/main_pages.json cache by regenerate.
[2025-10-18T16:18:23.293] [DEBUG] debug-file - Update task entry:default@PreBuild input file:/Users/guichunbai/github/TimePicker-Harmony/hvigor/hvigor-config.json5 cache by regenerate.
[2025-10-18T16:18:23.293] [DEBUG] debug-file - Update task entry:default@PreBuild input file:/Users/guichunbai/github/TimePicker-Harmony/entry/src/mock/mock-config.json5 cache by regenerate.
[2025-10-18T16:18:23.293] [DEBUG] debug-file - Update task entry:default@PreBuild input file:/Users/guichunbai/github/TimePicker-Harmony/entry/oh-package.json5 cache by regenerate.
[2025-10-18T16:18:23.293] [DEBUG] debug-file - Update task entry:default@PreBuild input file:/Users/guichunbai/github/TimePicker-Harmony/oh-package.json5 cache by regenerate.
[2025-10-18T16:18:23.294] [DEBUG] debug-file - Incremental task entry:default@PreBuild post-execution cost:1 ms .
[2025-10-18T16:18:23.294] [DEBUG] debug-file - Update task entry:default@CreateModuleInfo output file:/Users/guichunbai/github/TimePicker-Harmony/entry/build/default/generated/profile/default/ModuleInfo.ts cache.
[2025-10-18T16:18:23.294] [DEBUG] debug-file - Incremental task entry:default@CreateModuleInfo post-execution cost:1 ms .
[2025-10-18T16:18:23.294] [DEBUG] debug-file - Update task entry:default@GenerateMetadata input file:/Users/guichunbai/github/TimePicker-Harmony/entry/src/main/module.json5 cache by regenerate.
[2025-10-18T16:18:23.294] [DEBUG] debug-file - Update task entry:default@GenerateMetadata output file:/Users/guichunbai/github/TimePicker-Harmony/entry/build/default/intermediates/hap_metadata/default/output_metadata.json cache.
[2025-10-18T16:18:23.294] [DEBUG] debug-file - Incremental task entry:default@GenerateMetadata post-execution cost:1 ms .
[2025-10-18T16:18:23.294] [DEBUG] debug-file - Update task entry:default@MergeProfile input file:/Users/guichunbai/github/TimePicker-Harmony/AppScope/app.json5 cache by regenerate.
[2025-10-18T16:18:23.294] [DEBUG] debug-file - Update task entry:default@MergeProfile input file:/Users/guichunbai/github/TimePicker-Harmony/build-profile.json5 cache by regenerate.
[2025-10-18T16:18:23.294] [DEBUG] debug-file - Update task entry:default@MergeProfile input file:/Users/guichunbai/github/TimePicker-Harmony/entry/src/main/module.json5 cache by regenerate.
[2025-10-18T16:18:23.294] [DEBUG] debug-file - Update task entry:default@MergeProfile output file:/Users/guichunbai/github/TimePicker-Harmony/entry/build/default/intermediates/merge_profile/default/module.json cache.
[2025-10-18T16:18:23.294] [DEBUG] debug-file - Incremental task entry:default@MergeProfile post-execution cost:1 ms .
[2025-10-18T16:18:23.294] [DEBUG] debug-file - Update task entry:default@CreateBuildProfile input file:/Users/guichunbai/github/TimePicker-Harmony/AppScope/app.json5 cache by regenerate.
[2025-10-18T16:18:23.295] [DEBUG] debug-file - Update task entry:default@CreateBuildProfile input file:/Users/guichunbai/github/TimePicker-Harmony/build-profile.json5 cache by regenerate.
[2025-10-18T16:18:23.295] [DEBUG] debug-file - Update task entry:default@CreateBuildProfile output file:/Users/guichunbai/github/TimePicker-Harmony/entry/build/default/generated/profile/default/BuildProfile.ets cache.
[2025-10-18T16:18:23.295] [DEBUG] debug-file - Incremental task entry:default@CreateBuildProfile post-execution cost:1 ms .
[2025-10-18T16:18:23.295] [DEBUG] debug-file - Update task entry:default@GeneratePkgContextInfo output file:/Users/guichunbai/github/TimePicker-Harmony/entry/build/default/intermediates/loader/default/pkgContextInfo.json cache.
[2025-10-18T16:18:23.295] [DEBUG] debug-file - Incremental task entry:default@GeneratePkgContextInfo post-execution cost:1 ms .
[2025-10-18T16:18:23.295] [DEBUG] debug-file - Update task entry:default@ProcessIntegratedHsp output file:/Users/guichunbai/github/TimePicker-Harmony/build/cache/default/integrated_hsp/integratedHspCache.json cache.
[2025-10-18T16:18:23.295] [DEBUG] debug-file - Incremental task entry:default@ProcessIntegratedHsp post-execution cost:1 ms .
[2025-10-18T16:18:23.295] [DEBUG] debug-file - Update task entry:default@MakePackInfo input file:/Users/guichunbai/github/TimePicker-Harmony/AppScope/app.json5 cache by regenerate.
[2025-10-18T16:18:23.295] [DEBUG] debug-file - Update task entry:default@MakePackInfo input file:/Users/guichunbai/github/TimePicker-Harmony/entry/src/main/module.json5 cache by regenerate.
[2025-10-18T16:18:23.295] [DEBUG] debug-file - Update task entry:default@MakePackInfo input file:/Users/guichunbai/github/TimePicker-Harmony/build-profile.json5 cache by regenerate.
[2025-10-18T16:18:23.295] [DEBUG] debug-file - Update task entry:default@MakePackInfo input file:/Users/guichunbai/github/TimePicker-Harmony/entry/src/main/resources/base/profile/backup_config.json cache by regenerate.
[2025-10-18T16:18:23.295] [DEBUG] debug-file - Update task entry:default@MakePackInfo output file:/Users/guichunbai/github/TimePicker-Harmony/entry/build/default/outputs/default/pack.info cache.
[2025-10-18T16:18:23.295] [DEBUG] debug-file - Incremental task entry:default@MakePackInfo post-execution cost:1 ms .
[2025-10-18T16:18:23.295] [DEBUG] debug-file - Update task entry:default@SyscapTransform input file:/Applications/DevEco-Studio.app/Contents/sdk/default/openharmony/toolchains/syscap_tool cache by regenerate.
[2025-10-18T16:18:23.295] [DEBUG] debug-file - Update task entry:default@SyscapTransform input file:/Applications/DevEco-Studio.app/Contents/sdk/default/openharmony/ets/api/device-define cache by regenerate.
[2025-10-18T16:18:23.296] [DEBUG] debug-file - Update task entry:default@SyscapTransform output file:/Users/guichunbai/github/TimePicker-Harmony/entry/build/default/intermediates/syscap/default/rpcid.sc cache.
[2025-10-18T16:18:23.296] [DEBUG] debug-file - Incremental task entry:default@SyscapTransform post-execution cost:1 ms .
[2025-10-18T16:18:23.296] [DEBUG] debug-file - Update task entry:default@ProcessProfile input file:/Users/guichunbai/github/TimePicker-Harmony/entry/build/default/intermediates/merge_profile/default/module.json cache by regenerate.
[2025-10-18T16:18:23.296] [DEBUG] debug-file - Update task entry:default@ProcessProfile output file:/Users/guichunbai/github/TimePicker-Harmony/entry/build/default/intermediates/process_profile/default/module.json cache.
[2025-10-18T16:18:23.296] [DEBUG] debug-file - Incremental task entry:default@ProcessProfile post-execution cost:1 ms .
[2025-10-18T16:18:23.296] [DEBUG] debug-file - Update task entry:default@ProcessRouterMap input file:/Users/guichunbai/github/TimePicker-Harmony/entry/oh-package.json5 cache by regenerate.
[2025-10-18T16:18:23.296] [DEBUG] debug-file - Update task entry:default@ProcessRouterMap input file:/Users/guichunbai/github/TimePicker-Harmony/oh-package.json5 cache by regenerate.
[2025-10-18T16:18:23.296] [DEBUG] debug-file - Update task entry:default@ProcessRouterMap input file:/Users/guichunbai/github/TimePicker-Harmony/entry/src/main/module.json5 cache by regenerate.
[2025-10-18T16:18:23.296] [DEBUG] debug-file - Update task entry:default@ProcessRouterMap input file:/Users/guichunbai/github/TimePicker-Harmony/entry/build/default/intermediates/loader/default/pkgContextInfo.json cache by regenerate.
[2025-10-18T16:18:23.296] [DEBUG] debug-file - Update task entry:default@ProcessRouterMap output file:/Users/guichunbai/github/TimePicker-Harmony/entry/build/default/intermediates/router_map/default/temp-router-map.json cache.
[2025-10-18T16:18:23.296] [DEBUG] debug-file - Update task entry:default@ProcessRouterMap output file:/Users/guichunbai/github/TimePicker-Harmony/entry/build/default/intermediates/router_map/default/loader-router-map.json cache.
[2025-10-18T16:18:23.297] [DEBUG] debug-file - Incremental task entry:default@ProcessRouterMap post-execution cost:1 ms .
[2025-10-18T16:18:23.297] [DEBUG] debug-file - Update task entry:default@ProcessStartupConfig input file:/Users/guichunbai/github/TimePicker-Harmony/entry/build/default/intermediates/loader/default/pkgContextInfo.json cache by regenerate.
[2025-10-18T16:18:23.297] [DEBUG] debug-file - Update task entry:default@ProcessStartupConfig output file:/Users/guichunbai/github/TimePicker-Harmony/entry/build/default/intermediates/startup/default/startup_config.json cache.
[2025-10-18T16:18:23.297] [DEBUG] debug-file - Incremental task entry:default@ProcessStartupConfig post-execution cost:1 ms .
[2025-10-18T16:18:23.297] [DEBUG] debug-file - Update task entry:default@ProcessResource output file:/Users/guichunbai/github/TimePicker-Harmony/entry/build/default/intermediates/res/default/resConfig.json cache.
[2025-10-18T16:18:23.297] [DEBUG] debug-file - Update task entry:default@ProcessResource output file:/Users/guichunbai/github/TimePicker-Harmony/entry/build/default/intermediates/res/default/opt-compression.json cache.
[2025-10-18T16:18:23.297] [DEBUG] debug-file - Incremental task entry:default@ProcessResource post-execution cost:1 ms .
[2025-10-18T16:18:23.298] [DEBUG] debug-file - Update task entry:default@GenerateLoaderJson input file:/Users/guichunbai/github/TimePicker-Harmony/entry/src/mock/mock-config.json5 cache by regenerate.
[2025-10-18T16:18:23.298] [DEBUG] debug-file - Update task entry:default@GenerateLoaderJson input file:/Users/guichunbai/github/TimePicker-Harmony/entry/build/default/intermediates/loader/default/pkgContextInfo.json cache by regenerate.
[2025-10-18T16:18:23.298] [DEBUG] debug-file - Update task entry:default@GenerateLoaderJson input file:/Users/guichunbai/github/TimePicker-Harmony/entry/build/default/intermediates/router_map/default/temp-router-map.json cache by regenerate.
[2025-10-18T16:18:23.298] [DEBUG] debug-file - Update task entry:default@GenerateLoaderJson output file:/Users/guichunbai/github/TimePicker-Harmony/entry/build/default/intermediates/loader/default/loader.json cache.
[2025-10-18T16:18:23.298] [DEBUG] debug-file - Incremental task entry:default@GenerateLoaderJson post-execution cost:1 ms .
[2025-10-18T16:18:23.298] [DEBUG] debug-file - Update task entry:default@ProcessLibs input file:/Users/guichunbai/github/TimePicker-Harmony/build-profile.json5 cache by regenerate.
[2025-10-18T16:18:23.298] [DEBUG] debug-file - Update task entry:default@ProcessLibs input file:/Users/guichunbai/github/TimePicker-Harmony/entry/build-profile.json5 cache by regenerate.
[2025-10-18T16:18:23.298] [DEBUG] debug-file - Update task entry:default@ProcessLibs output file:/Users/guichunbai/github/TimePicker-Harmony/entry/build/default/intermediates/libs/default cache.
[2025-10-18T16:18:23.298] [DEBUG] debug-file - Incremental task entry:default@ProcessLibs post-execution cost:1 ms .
[2025-10-18T16:18:23.298] [DEBUG] debug-file - Update task entry:default@CompileResource input file:/Users/guichunbai/github/TimePicker-Harmony/entry/src/main/resources cache by regenerate.
[2025-10-18T16:18:23.299] [DEBUG] debug-file - Update task entry:default@CompileResource input file:/Users/guichunbai/github/TimePicker-Harmony/AppScope/resources cache by regenerate.
[2025-10-18T16:18:23.299] [DEBUG] debug-file - Update task entry:default@CompileResource input file:/Users/guichunbai/github/TimePicker-Harmony/entry/build/default/intermediates/process_profile/default/module.json cache by regenerate.
[2025-10-18T16:18:23.299] [DEBUG] debug-file - Update task entry:default@CompileResource input file:/Users/guichunbai/github/TimePicker-Harmony/entry/build/default/intermediates/res/default/resConfig.json cache by regenerate.
[2025-10-18T16:18:23.299] [DEBUG] debug-file - Update task entry:default@CompileResource output file:/Users/guichunbai/github/TimePicker-Harmony/entry/build/default/intermediates/res/default cache.
[2025-10-18T16:18:23.299] [DEBUG] debug-file - Update task entry:default@CompileResource output file:/Users/guichunbai/github/TimePicker-Harmony/entry/build/default/generated/r/default/ResourceTable.h cache.
[2025-10-18T16:18:23.300] [DEBUG] debug-file - Update task entry:default@CompileResource output file:/Users/guichunbai/github/TimePicker-Harmony/entry/build/default/generated/r/default cache.
[2025-10-18T16:18:23.300] [DEBUG] debug-file - Incremental task entry:default@CompileResource post-execution cost:2 ms .
[2025-10-18T16:18:23.300] [DEBUG] debug-file - Update task entry:default@DoNativeStrip input file:/Users/guichunbai/github/TimePicker-Harmony/entry/build/default/intermediates/libs/default cache by regenerate.
[2025-10-18T16:18:23.300] [DEBUG] debug-file - Update task entry:default@DoNativeStrip output file:/Users/guichunbai/github/TimePicker-Harmony/entry/build/default/intermediates/stripped_native_libs/default cache.
[2025-10-18T16:18:23.300] [DEBUG] debug-file - Incremental task entry:default@DoNativeStrip post-execution cost:1 ms .
[2025-10-18T16:18:23.300] [DEBUG] debug-file - Update task entry:default@CompileArkTS input file:/Users/guichunbai/github/TimePicker-Harmony/entry/build/default/intermediates/loader/default cache by regenerate.
[2025-10-18T16:18:23.300] [DEBUG] debug-file - Update task entry:default@CompileArkTS input file:/Users/guichunbai/github/TimePicker-Harmony/entry/build/default/intermediates/res/default/resources/rawfile cache by regenerate.
[2025-10-18T16:18:23.300] [DEBUG] debug-file - Update task entry:default@CompileArkTS input file:/Users/guichunbai/github/TimePicker-Harmony/entry/build/default/intermediates/res/default/ResourceTable.txt cache by regenerate.
[2025-10-18T16:18:23.300] [DEBUG] debug-file - Update task entry:default@CompileArkTS input file:/Users/guichunbai/github/TimePicker-Harmony/entry/build/default/intermediates/res/default/ark_module.json cache by regenerate.
[2025-10-18T16:18:23.300] [DEBUG] debug-file - Update task entry:default@CompileArkTS input file:/Users/guichunbai/github/TimePicker-Harmony/entry/build/default/intermediates/res/default/resources/base/profile cache by regenerate.
[2025-10-18T16:18:23.300] [DEBUG] debug-file - Update task entry:default@CompileArkTS input file:/Users/guichunbai/github/TimePicker-Harmony/entry/src/main/ets cache by regenerate.
[2025-10-18T16:18:23.301] [DEBUG] debug-file - Update task entry:default@CompileArkTS input file:/Users/guichunbai/github/TimePicker-Harmony/entry/build/default/intermediates/loader/default/pkgContextInfo.json cache by regenerate.
[2025-10-18T16:18:23.301] [DEBUG] debug-file - Update task entry:default@CompileArkTS input file:/Users/guichunbai/github/TimePicker-Harmony/entry/build/default/generated/profile/default/BuildProfile.ets cache by regenerate.
[2025-10-18T16:18:23.301] [DEBUG] debug-file - Update task entry:default@CompileArkTS input file:/Users/guichunbai/github/TimePicker-Harmony/entry/src/mock/mock-config.json5 cache by regenerate.
[2025-10-18T16:18:23.301] [DEBUG] debug-file - Update task entry:default@CompileArkTS output file:/Users/guichunbai/github/TimePicker-Harmony/entry/build/default/intermediates/loader_out/default/ets cache.
[2025-10-18T16:18:23.301] [DEBUG] debug-file - Incremental task entry:default@CompileArkTS post-execution cost:2 ms .
[2025-10-18T16:18:23.301] [DEBUG] debug-file - Update task entry:default@BuildJS input file:/Users/guichunbai/github/TimePicker-Harmony/entry/build/default/intermediates/loader/default cache by regenerate.
[2025-10-18T16:18:23.301] [DEBUG] debug-file - Update task entry:default@BuildJS input file:/Users/guichunbai/github/TimePicker-Harmony/entry/build/default/intermediates/res/default/resources/rawfile cache by regenerate.
[2025-10-18T16:18:23.301] [DEBUG] debug-file - Update task entry:default@BuildJS input file:/Users/guichunbai/github/TimePicker-Harmony/entry/build/default/intermediates/res/default/ResourceTable.txt cache by regenerate.
[2025-10-18T16:18:23.301] [DEBUG] debug-file - Update task entry:default@BuildJS input file:/Users/guichunbai/github/TimePicker-Harmony/entry/build/default/intermediates/res/default/ark_module.json cache by regenerate.
[2025-10-18T16:18:23.301] [DEBUG] debug-file - Update task entry:default@BuildJS input file:/Users/guichunbai/github/TimePicker-Harmony/entry/build/default/intermediates/res/default/resources/base/profile cache by regenerate.
[2025-10-18T16:18:23.301] [DEBUG] debug-file - Update task entry:default@BuildJS input file:/Users/guichunbai/github/TimePicker-Harmony/entry/build/default/intermediates/loader/default/pkgContextInfo.json cache by regenerate.
[2025-10-18T16:18:23.301] [DEBUG] debug-file - Update task entry:default@BuildJS output file:/Users/guichunbai/github/TimePicker-Harmony/entry/build/default/intermediates/loader_out/default/js cache.
[2025-10-18T16:18:23.301] [DEBUG] debug-file - Incremental task entry:default@BuildJS post-execution cost:1 ms .
[2025-10-18T16:18:23.301] [DEBUG] debug-file - Update task entry:default@CacheNativeLibs input file:/Users/guichunbai/github/TimePicker-Harmony/entry/build/default/intermediates/stripped_native_libs/default cache by regenerate.
[2025-10-18T16:18:23.302] [DEBUG] debug-file - Update task entry:default@CacheNativeLibs input file:/Users/guichunbai/github/TimePicker-Harmony/entry/build/default/intermediates/libs/default cache by regenerate.
[2025-10-18T16:18:23.302] [DEBUG] debug-file - Update task entry:default@CacheNativeLibs output file:/Users/guichunbai/github/TimePicker-Harmony/entry/build/default/intermediates/patch/default/base_native_libs.json cache.
[2025-10-18T16:18:23.302] [DEBUG] debug-file - Incremental task entry:default@CacheNativeLibs post-execution cost:1 ms .
[2025-10-18T16:18:23.302] [DEBUG] debug-file - Update task entry:default@GeneratePkgModuleJson input file:/Users/guichunbai/github/TimePicker-Harmony/entry/build/default/intermediates/res/default/module.json cache by regenerate.
[2025-10-18T16:18:23.302] [DEBUG] debug-file - Update task entry:default@GeneratePkgModuleJson output file:/Users/guichunbai/github/TimePicker-Harmony/entry/build/default/intermediates/package/default/module.json cache.
[2025-10-18T16:18:23.302] [DEBUG] debug-file - Incremental task entry:default@GeneratePkgModuleJson post-execution cost:1 ms .
[2025-10-18T16:18:23.302] [DEBUG] debug-file - Update task entry:default@PackageHap input file:/Users/guichunbai/github/TimePicker-Harmony/entry/build/default/intermediates/stripped_native_libs/default cache by regenerate.
[2025-10-18T16:18:23.302] [DEBUG] debug-file - Update task entry:default@PackageHap input file:/Users/guichunbai/github/TimePicker-Harmony/entry/build/default/intermediates/res/default/module.json cache by regenerate.
[2025-10-18T16:18:23.302] [DEBUG] debug-file - Update task entry:default@PackageHap input file:/Users/guichunbai/github/TimePicker-Harmony/entry/build/default/intermediates/res/default/resources cache by regenerate.
[2025-10-18T16:18:23.302] [DEBUG] debug-file - Update task entry:default@PackageHap input file:/Users/guichunbai/github/TimePicker-Harmony/entry/build/default/intermediates/res/default/resources.index cache by regenerate.
[2025-10-18T16:18:23.302] [DEBUG] debug-file - Update task entry:default@PackageHap input file:/Users/guichunbai/github/TimePicker-Harmony/entry/build/default/outputs/default/pack.info cache by regenerate.
[2025-10-18T16:18:23.302] [DEBUG] debug-file - Update task entry:default@PackageHap input file:/Users/guichunbai/github/TimePicker-Harmony/entry/build/default/intermediates/loader_out/default/ets cache by regenerate.
[2025-10-18T16:18:23.303] [DEBUG] debug-file - Update task entry:default@PackageHap input file:/Users/guichunbai/github/TimePicker-Harmony/entry/build/default/intermediates/loader/default/pkgContextInfo.json cache by regenerate.
[2025-10-18T16:18:23.303] [DEBUG] debug-file - Update task entry:default@PackageHap input file:/Users/guichunbai/github/TimePicker-Harmony/entry/build/default/intermediates/loader_out/default/ets/sourceMaps.map cache by regenerate.
[2025-10-18T16:18:23.303] [DEBUG] debug-file - Update task entry:default@PackageHap input file:/Users/guichunbai/github/TimePicker-Harmony/entry/build/default/generated/profile/default/BuildProfile.ets cache by regenerate.
[2025-10-18T16:18:23.303] [DEBUG] debug-file - Update task entry:default@PackageHap output file:/Users/guichunbai/github/TimePicker-Harmony/entry/build/default/outputs/default/entry-default-unsigned.hap cache.
[2025-10-18T16:18:23.303] [DEBUG] debug-file - Update task entry:default@PackageHap output file:/Users/guichunbai/github/TimePicker-Harmony/entry/build/default/intermediates/source_map/default/sourceMaps.map cache.
[2025-10-18T16:18:23.303] [DEBUG] debug-file - Update task entry:default@PackageHap output file:/Users/guichunbai/github/TimePicker-Harmony/entry/build/default/outputs/default/mapping/sourceMaps.map cache.
[2025-10-18T16:18:23.303] [DEBUG] debug-file - Incremental task entry:default@PackageHap post-execution cost:2 ms .
[2025-10-18T16:18:23.303] [DEBUG] debug-file - Update task entry:default@SignHap input file:/Users/guichunbai/github/TimePicker-Harmony/entry/build/default/outputs/default/entry-default-unsigned.hap cache by regenerate.
[2025-10-18T16:18:23.303] [DEBUG] debug-file - Update task entry:default@SignHap output file:/Users/guichunbai/github/TimePicker-Harmony/entry/build/default/outputs/default/entry-default-signed.hap cache.
[2025-10-18T16:18:23.303] [DEBUG] debug-file - Incremental task entry:default@SignHap post-execution cost:1 ms .
[2025-10-18T16:18:23.304] [DEBUG] debug-file - Update task entry:default@CollectDebugSymbol input file:/Users/guichunbai/github/TimePicker-Harmony/entry/build/default/intermediates/loader_out/default/ets/sourceMaps.map cache by regenerate.
[2025-10-18T16:18:23.304] [DEBUG] debug-file - Update task entry:default@CollectDebugSymbol input file:/Users/guichunbai/github/TimePicker-Harmony/entry/build/default/intermediates/libs/default cache by regenerate.
[2025-10-18T16:18:23.304] [DEBUG] debug-file - Update task entry:default@CollectDebugSymbol output file:/Users/guichunbai/github/TimePicker-Harmony/entry/build/default/outputs/default/symbol cache.
[2025-10-18T16:18:23.304] [DEBUG] debug-file - Incremental task entry:default@CollectDebugSymbol post-execution cost:1 ms .
[2025-10-18T16:18:23.311] [DEBUG] debug-file - Cleanup worker 0.
[2025-10-18T16:18:23.311] [DEBUG] debug-file - Worker 0 has been cleaned up.
[2025-10-18T16:18:23.311] [DEBUG] debug-file - Current idle worker size: 4.
[2025-10-18T16:18:23.311] [DEBUG] debug-file - Current resident worker size: 5.
[2025-10-18T16:18:23.311] [DEBUG] debug-file - Cleanup worker 1.
[2025-10-18T16:18:23.311] [DEBUG] debug-file - Worker 1 has been cleaned up.
[2025-10-18T16:18:23.311] [DEBUG] debug-file - Current idle worker size: 3.
[2025-10-18T16:18:23.311] [DEBUG] debug-file - Current resident worker size: 5.
[2025-10-18T16:18:23.311] [DEBUG] debug-file - Cleanup worker 7.
[2025-10-18T16:18:23.311] [DEBUG] debug-file - Worker 7 has been cleaned up.
[2025-10-18T16:18:23.311] [DEBUG] debug-file - Current idle worker size: 2.
[2025-10-18T16:18:23.311] [DEBUG] debug-file - Current resident worker size: 5.
[2025-10-18T16:18:23.311] [DEBUG] debug-file - Cleanup worker 8.
[2025-10-18T16:18:23.311] [DEBUG] debug-file - Worker 8 has been cleaned up.
[2025-10-18T16:18:23.311] [DEBUG] debug-file - Current idle worker size: 1.
[2025-10-18T16:18:23.311] [DEBUG] debug-file - Current resident worker size: 5.
[2025-10-18T16:18:23.311] [DEBUG] debug-file - hvigor build process will be closed.
[2025-10-18T16:18:23.313] [DEBUG] debug-file - session manager: send message to worker process.
[2025-10-18T16:18:23.313] [DEBUG] debug-file - session manager: send message to worker process.
[2025-10-18T16:18:23.313] [DEBUG] debug-file - java daemon socket close code:1000 reason:close by user
[2025-10-18T16:18:23.314] [DEBUG] debug-file - watch worker: worker id should be larger than 0. Nothing will be sent to any worker thread.
[2025-10-18T16:18:23.314] [DEBUG] debug-file - watch worker: worker id should be larger than 0. Nothing will be sent to any worker thread.
[2025-10-18T16:18:23.317] [DEBUG] debug-file - worker[1] exits with exit code 1.
[2025-10-18T16:18:23.317] [DEBUG] debug-file - worker[0] exits with exit code 1.
[2025-10-18T16:18:23.319] [DEBUG] debug-file - worker[8] exits with exit code 1.
[2025-10-18T16:18:23.319] [DEBUG] debug-file - worker[7] exits with exit code 1.
[2025-10-18T16:18:53.801] [DEBUG] debug-file - session manager: set active socket. socketId=Q2_veSOBPrRz6Z8vAAAD
[2025-10-18T16:18:53.803] [DEBUG] debug-file - watch worker: worker id should be larger than 0. Nothing will be sent to any worker thread.
[2025-10-18T16:18:53.809] [DEBUG] debug-file - Hvigor init with startParameters:{
  hvigorfileTypeCheck: false,
  parallelExecution: true,
  incrementalExecution: true,
  printStackTrace: false,
  daemon: true,
  analyze: 0,
  logLevel: Level { level: 20000, levelStr: 'INFO', colour: 'green' }
}
[2025-10-18T16:18:53.812] [DEBUG] debug-file - Cache service initialization finished in 3 ms 
[2025-10-18T16:18:53.816] [DEBUG] debug-file - hvigorfile, resolving /Users/guichunbai/github/TimePicker-Harmony/hvigorfile.ts
[2025-10-18T16:18:53.820] [DEBUG] debug-file - hvigorfile, require result:  { default: { plugins: [] } }
[2025-10-18T16:18:53.820] [DEBUG] debug-file - hvigorfile, binding system plugins null
[2025-10-18T16:18:53.823] [DEBUG] debug-file - Start initialize project's product build option map with build mode debug.
[2025-10-18T16:18:53.823] [DEBUG] debug-file - Picking option from product 'default' with build mode 'debug'.
[2025-10-18T16:18:53.823] [DEBUG] debug-file - Product 'default' build option initialized
[2025-10-18T16:18:53.823] [DEBUG] debug-file - End initialize project's product build option map with build mode 'debug'.
[2025-10-18T16:18:53.824] [DEBUG] debug-file - Obtain build option for product 'default'in this build.
[2025-10-18T16:18:53.826] [DEBUG] debug-file - No signingConfig found, initRemoteHspCache failed.
[2025-10-18T16:18:53.829] [DEBUG] debug-file - Start recording SDK configuration permission data.
[2025-10-18T16:18:53.845] [DEBUG] debug-file - Sdk init in 19 ms 
[2025-10-18T16:18:53.852] [DEBUG] debug-file - Project task initialization takes 6 ms 
[2025-10-18T16:18:53.852] [DEBUG] debug-file - hvigorfile, binding custom plugins []
[2025-10-18T16:18:53.852] [DEBUG] debug-file - hvigorfile, no custom plugins were found in /Users/guichunbai/github/TimePicker-Harmony/hvigorfile.ts
[2025-10-18T16:18:53.852] [DEBUG] debug-file - hvigorfile, resolve finished /Users/guichunbai/github/TimePicker-Harmony/hvigorfile.ts
[2025-10-18T16:18:53.854] [DEBUG] debug-file - hvigorfile, resolving /Users/guichunbai/github/TimePicker-Harmony/entry/hvigorfile.ts
[2025-10-18T16:18:53.857] [DEBUG] debug-file - hvigorfile, require result:  { default: { plugins: [] } }
[2025-10-18T16:18:53.857] [DEBUG] debug-file - hvigorfile, binding system plugins null
[2025-10-18T16:18:53.859] [DEBUG] debug-file - Start initialize module-target build option map, moduleName=entry, buildMode=debug
[2025-10-18T16:18:53.859] [DEBUG] debug-file - Target 'default' config initialized
[2025-10-18T16:18:53.859] [DEBUG] debug-file - Target 'ohosTest' config initialized
[2025-10-18T16:18:53.859] [DEBUG] debug-file - Module 'entry' target 'default' build option initialized
[2025-10-18T16:18:53.859] [DEBUG] debug-file - Module 'entry' target 'ohosTest' build option initialized
[2025-10-18T16:18:53.859] [DEBUG] debug-file - End initialize module-target build option map, moduleName=entry
[2025-10-18T16:18:53.859] [DEBUG] debug-file - Start initialize module-target build option map, moduleName=entry, buildMode=release
[2025-10-18T16:18:53.859] [DEBUG] debug-file - Target 'default' config initialized
[2025-10-18T16:18:53.859] [DEBUG] debug-file - Target 'ohosTest' config initialized
[2025-10-18T16:18:53.859] [DEBUG] debug-file - Module 'entry' target 'default' build option initialized
[2025-10-18T16:18:53.859] [DEBUG] debug-file - Module 'entry' target 'ohosTest' build option initialized
[2025-10-18T16:18:53.859] [DEBUG] debug-file - End initialize module-target build option map, moduleName=entry
[2025-10-18T16:18:53.860] [DEBUG] debug-file - Start initialize module-target build option map, moduleName=entry, buildMode=debug
[2025-10-18T16:18:53.860] [DEBUG] debug-file - Target 'default' config initialized
[2025-10-18T16:18:53.860] [DEBUG] debug-file - Target 'ohosTest' config initialized
[2025-10-18T16:18:53.860] [DEBUG] debug-file - Module 'entry' target 'default' build option initialized
[2025-10-18T16:18:53.860] [DEBUG] debug-file - Module 'entry' target 'ohosTest' build option initialized
[2025-10-18T16:18:53.860] [DEBUG] debug-file - End initialize module-target build option map, moduleName=entry
[2025-10-18T16:18:53.860] [DEBUG] debug-file - Obtain build option for module 'entry' target 'default'in this build.
[2025-10-18T16:18:53.861] [DEBUG] debug-file - Module entry task initialization takes 1 ms 
[2025-10-18T16:18:53.861] [DEBUG] debug-file - hvigorfile, binding custom plugins []
[2025-10-18T16:18:53.861] [DEBUG] debug-file - hvigorfile, no custom plugins were found in /Users/guichunbai/github/TimePicker-Harmony/entry/hvigorfile.ts
[2025-10-18T16:18:53.861] [DEBUG] debug-file - hvigorfile, resolve finished /Users/guichunbai/github/TimePicker-Harmony/entry/hvigorfile.ts
[2025-10-18T16:18:53.905] [DEBUG] debug-file - hvigorfile, resolve hvigorfile dependencies in 44 ms 
[2025-10-18T16:18:53.905] [DEBUG] debug-file - project has submodules:entry
[2025-10-18T16:18:53.908] [DEBUG] debug-file - start to load updatedOhPackageInfo to the disk
[2025-10-18T16:18:53.910] [DEBUG] debug-file - load to the disk finished
[2025-10-18T16:18:53.910] [DEBUG] debug-file - Start to initialize dependency information.
[2025-10-18T16:18:53.911] [DEBUG] debug-file - Module TimePicker-Harmony Collected Dependency: 
[2025-10-18T16:18:53.911] [DEBUG] debug-file - Module TimePicker-Harmony's total dependency: 0
[2025-10-18T16:18:53.911] [DEBUG] debug-file - Start to initialize dependency information.
[2025-10-18T16:18:53.911] [DEBUG] debug-file - Module entry Collected Dependency: 
[2025-10-18T16:18:53.911] [DEBUG] debug-file - Module entry's total dependency: 0
[2025-10-18T16:18:53.912] [DEBUG] debug-file - Configuration phase cost:99 ms 
[2025-10-18T16:18:53.913] [DEBUG] debug-file - Configuration task cost before running: 109 ms 
[2025-10-18T16:18:53.914] [DEBUG] debug-file - jsonObjWithoutParam {} at undefined
[2025-10-18T16:18:53.914] [DEBUG] debug-file - jsonObjWithoutParam {"name":"entry","version":"1.0.0","description":"Please describe the basic information.","main":"","author":"","license":"","dependencies":{}} at undefined
[2025-10-18T16:18:53.915] [DEBUG] debug-file - Executing task :entry:default@PreBuild
[2025-10-18T16:18:53.917] [DEBUG] debug-file - Incremental task entry:default@PreBuild pre-execution cost: 2 ms .
[2025-10-18T16:18:53.917] [DEBUG] debug-file - entry : default@PreBuild cost memory 0.21894073486328125
[2025-10-18T16:18:53.917] [INFO] debug-file - UP-TO-DATE :entry:default@PreBuild...  
[2025-10-18T16:18:53.918] [DEBUG] debug-file - jsonObjWithoutParam {} at undefined
[2025-10-18T16:18:53.918] [DEBUG] debug-file - jsonObjWithoutParam {"name":"entry","version":"1.0.0","description":"Please describe the basic information.","main":"","author":"","license":"","dependencies":{}} at undefined
[2025-10-18T16:18:53.918] [DEBUG] debug-file - Executing task :entry:default@CreateModuleInfo
[2025-10-18T16:18:53.918] [DEBUG] debug-file - Task 'entry:default@CreateModuleInfo' cost while wrapping incremental declarations: 1 ms 
[2025-10-18T16:18:53.919] [DEBUG] debug-file - entry : default@CreateModuleInfo cost memory 0.0528717041015625
[2025-10-18T16:18:53.919] [DEBUG] debug-file - runTaskFromQueue task cost before running: 115 ms 
[2025-10-18T16:18:53.919] [INFO] debug-file - Finished :entry:default@CreateModuleInfo... after 1 ms 
[2025-10-18T16:18:53.920] [DEBUG] debug-file - jsonObjWithoutParam {} at undefined
[2025-10-18T16:18:53.920] [DEBUG] debug-file - jsonObjWithoutParam {"name":"entry","version":"1.0.0","description":"Please describe the basic information.","main":"","author":"","license":"","dependencies":{}} at undefined
[2025-10-18T16:18:53.920] [DEBUG] debug-file - Executing task :entry:default@GenerateMetadata
[2025-10-18T16:18:53.920] [DEBUG] debug-file - Task 'entry:default@GenerateMetadata' cost while wrapping incremental declarations: 1 ms 
[2025-10-18T16:18:53.920] [DEBUG] debug-file - Incremental task entry:default@GenerateMetadata pre-execution cost: 1 ms .
[2025-10-18T16:18:53.921] [DEBUG] debug-file - entry : default@GenerateMetadata cost memory 0.0850372314453125
[2025-10-18T16:18:53.921] [INFO] debug-file - UP-TO-DATE :entry:default@GenerateMetadata...  
[2025-10-18T16:18:53.921] [DEBUG] debug-file - jsonObjWithoutParam {} at undefined
[2025-10-18T16:18:53.921] [DEBUG] debug-file - jsonObjWithoutParam {"name":"entry","version":"1.0.0","description":"Please describe the basic information.","main":"","author":"","license":"","dependencies":{}} at undefined
[2025-10-18T16:18:53.921] [DEBUG] debug-file - Executing task :entry:default@ConfigureCmake
[2025-10-18T16:18:53.921] [DEBUG] debug-file - jsonObjWithoutParam {} at undefined
[2025-10-18T16:18:53.921] [DEBUG] debug-file - jsonObjWithoutParam {"name":"entry","version":"1.0.0","description":"Please describe the basic information.","main":"","author":"","license":"","dependencies":{}} at undefined
[2025-10-18T16:18:53.921] [DEBUG] debug-file - entry : default@ConfigureCmake cost memory 0.0375213623046875
[2025-10-18T16:18:53.921] [DEBUG] debug-file - runTaskFromQueue task cost before running: 117 ms 
[2025-10-18T16:18:53.921] [INFO] debug-file - Finished :entry:default@ConfigureCmake... after 1 ms 
[2025-10-18T16:18:53.922] [DEBUG] debug-file - jsonObjWithoutParam {} at undefined
[2025-10-18T16:18:53.922] [DEBUG] debug-file - jsonObjWithoutParam {"name":"entry","version":"1.0.0","description":"Please describe the basic information.","main":"","author":"","license":"","dependencies":{}} at undefined
[2025-10-18T16:18:53.922] [DEBUG] debug-file - Executing task :entry:default@MergeProfile
[2025-10-18T16:18:53.923] [DEBUG] debug-file - Incremental task entry:default@MergeProfile pre-execution cost: 1 ms .
[2025-10-18T16:18:53.923] [DEBUG] debug-file - entry : default@MergeProfile cost memory 0.09393310546875
[2025-10-18T16:18:53.923] [INFO] debug-file - UP-TO-DATE :entry:default@MergeProfile...  
[2025-10-18T16:18:53.923] [DEBUG] debug-file - jsonObjWithoutParam {} at undefined
[2025-10-18T16:18:53.923] [DEBUG] debug-file - jsonObjWithoutParam {"name":"entry","version":"1.0.0","description":"Please describe the basic information.","main":"","author":"","license":"","dependencies":{}} at undefined
[2025-10-18T16:18:53.924] [DEBUG] debug-file - Executing task :entry:default@CreateBuildProfile
[2025-10-18T16:18:53.924] [DEBUG] debug-file - Task 'entry:default@CreateBuildProfile' cost while wrapping incremental declarations: 1 ms 
[2025-10-18T16:18:53.924] [DEBUG] debug-file - Incremental task entry:default@CreateBuildProfile pre-execution cost: 1 ms .
[2025-10-18T16:18:53.924] [DEBUG] debug-file - entry : default@CreateBuildProfile cost memory 0.08917999267578125
[2025-10-18T16:18:53.924] [INFO] debug-file - UP-TO-DATE :entry:default@CreateBuildProfile...  
[2025-10-18T16:18:53.925] [DEBUG] debug-file - jsonObjWithoutParam {} at undefined
[2025-10-18T16:18:53.925] [DEBUG] debug-file - jsonObjWithoutParam {"name":"entry","version":"1.0.0","description":"Please describe the basic information.","main":"","author":"","license":"","dependencies":{}} at undefined
[2025-10-18T16:18:53.925] [DEBUG] debug-file - Executing task :entry:default@PreCheckSyscap
[2025-10-18T16:18:53.925] [DEBUG] debug-file - jsonObjWithoutParam {} at undefined
[2025-10-18T16:18:53.925] [DEBUG] debug-file - jsonObjWithoutParam {"name":"entry","version":"1.0.0","description":"Please describe the basic information.","main":"","author":"","license":"","dependencies":{}} at undefined
[2025-10-18T16:18:53.925] [DEBUG] debug-file - entry : default@PreCheckSyscap cost memory 0.0378570556640625
[2025-10-18T16:18:53.925] [DEBUG] debug-file - runTaskFromQueue task cost before running: 121 ms 
[2025-10-18T16:18:53.925] [INFO] debug-file - Finished :entry:default@PreCheckSyscap... after 1 ms 
[2025-10-18T16:18:53.926] [DEBUG] debug-file - jsonObjWithoutParam {} at undefined
[2025-10-18T16:18:53.926] [DEBUG] debug-file - jsonObjWithoutParam {"name":"entry","version":"1.0.0","description":"Please describe the basic information.","main":"","author":"","license":"","dependencies":{}} at undefined
[2025-10-18T16:18:53.926] [DEBUG] debug-file - Executing task :entry:default@GeneratePkgContextInfo
[2025-10-18T16:18:53.927] [DEBUG] debug-file - Task 'entry:default@GeneratePkgContextInfo' cost while wrapping incremental declarations: 1 ms 
[2025-10-18T16:18:53.927] [DEBUG] debug-file - Incremental task entry:default@GeneratePkgContextInfo pre-execution cost: 1 ms .
[2025-10-18T16:18:53.927] [DEBUG] debug-file - entry : default@GeneratePkgContextInfo cost memory 0.2129669189453125
[2025-10-18T16:18:53.927] [INFO] debug-file - UP-TO-DATE :entry:default@GeneratePkgContextInfo...  
[2025-10-18T16:18:53.928] [DEBUG] debug-file - jsonObjWithoutParam {} at undefined
[2025-10-18T16:18:53.928] [DEBUG] debug-file - jsonObjWithoutParam {"name":"entry","version":"1.0.0","description":"Please describe the basic information.","main":"","author":"","license":"","dependencies":{}} at undefined
[2025-10-18T16:18:53.929] [DEBUG] debug-file - Executing task :entry:default@ProcessIntegratedHsp
[2025-10-18T16:18:53.931] [DEBUG] debug-file - entry:default@ProcessIntegratedHsp is not up-to-date, since the output file '/Users/guichunbai/github/TimePicker-Harmony/build/cache/default/integrated_hsp/integratedHspCache.json' does not exist.
[2025-10-18T16:18:53.931] [DEBUG] debug-file - Incremental task entry:default@ProcessIntegratedHsp pre-execution cost: 1 ms .
[2025-10-18T16:18:53.931] [DEBUG] debug-file - jsonObjWithoutParam {} at undefined
[2025-10-18T16:18:53.931] [DEBUG] debug-file - jsonObjWithoutParam {"name":"entry","version":"1.0.0","description":"Please describe the basic information.","main":"","author":"","license":"","dependencies":{}} at undefined
[2025-10-18T16:18:53.931] [DEBUG] debug-file - entry : default@ProcessIntegratedHsp cost memory -4.142913818359375
[2025-10-18T16:18:53.931] [DEBUG] debug-file - runTaskFromQueue task cost before running: 127 ms 
[2025-10-18T16:18:53.931] [INFO] debug-file - Finished :entry:default@ProcessIntegratedHsp... after 3 ms 
[2025-10-18T16:18:53.932] [DEBUG] debug-file - jsonObjWithoutParam {} at undefined
[2025-10-18T16:18:53.932] [DEBUG] debug-file - jsonObjWithoutParam {"name":"entry","version":"1.0.0","description":"Please describe the basic information.","main":"","author":"","license":"","dependencies":{}} at undefined
[2025-10-18T16:18:53.932] [DEBUG] debug-file - Executing task :entry:default@BuildNativeWithCmake
[2025-10-18T16:18:53.932] [DEBUG] debug-file - jsonObjWithoutParam {} at undefined
[2025-10-18T16:18:53.932] [DEBUG] debug-file - jsonObjWithoutParam {"name":"entry","version":"1.0.0","description":"Please describe the basic information.","main":"","author":"","license":"","dependencies":{}} at undefined
[2025-10-18T16:18:53.932] [DEBUG] debug-file - entry : default@BuildNativeWithCmake cost memory 0.0386199951171875
[2025-10-18T16:18:53.932] [DEBUG] debug-file - runTaskFromQueue task cost before running: 128 ms 
[2025-10-18T16:18:53.932] [INFO] debug-file - Finished :entry:default@BuildNativeWithCmake... after 1 ms 
[2025-10-18T16:18:53.933] [DEBUG] debug-file - jsonObjWithoutParam {} at undefined
[2025-10-18T16:18:53.933] [DEBUG] debug-file - jsonObjWithoutParam {"name":"entry","version":"1.0.0","description":"Please describe the basic information.","main":"","author":"","license":"","dependencies":{}} at undefined
[2025-10-18T16:18:53.933] [DEBUG] debug-file - Executing task :entry:default@MakePackInfo
[2025-10-18T16:18:53.934] [DEBUG] debug-file - Incremental task entry:default@MakePackInfo pre-execution cost: 1 ms .
[2025-10-18T16:18:53.934] [DEBUG] debug-file - entry : default@MakePackInfo cost memory 0.1259918212890625
[2025-10-18T16:18:53.934] [INFO] debug-file - UP-TO-DATE :entry:default@MakePackInfo...  
[2025-10-18T16:18:53.934] [DEBUG] debug-file - jsonObjWithoutParam {} at undefined
[2025-10-18T16:18:53.934] [DEBUG] debug-file - jsonObjWithoutParam {"name":"entry","version":"1.0.0","description":"Please describe the basic information.","main":"","author":"","license":"","dependencies":{}} at undefined
[2025-10-18T16:18:53.935] [DEBUG] debug-file - Executing task :entry:default@SyscapTransform
[2025-10-18T16:18:53.935] [DEBUG] debug-file - File: '/Users/guichunbai/github/TimePicker-Harmony/entry/src/main/syscap.json' from 'sysCapJsonPath' is not exists, just ignore.
[2025-10-18T16:18:53.935] [DEBUG] debug-file - Task 'entry:default@SyscapTransform' cost while wrapping incremental declarations: 1 ms 
[2025-10-18T16:18:53.935] [DEBUG] debug-file - entry:default@SyscapTransform is not up-to-date, since the output file '/Users/guichunbai/github/TimePicker-Harmony/entry/build/default/intermediates/syscap/default/rpcid.sc' does not exist.
[2025-10-18T16:18:53.935] [DEBUG] debug-file - Incremental task entry:default@SyscapTransform pre-execution cost: 1 ms .
[2025-10-18T16:18:53.935] [DEBUG] debug-file - jsonObjWithoutParam {} at undefined
[2025-10-18T16:18:53.935] [DEBUG] debug-file - jsonObjWithoutParam {"name":"entry","version":"1.0.0","description":"Please describe the basic information.","main":"","author":"","license":"","dependencies":{}} at undefined
[2025-10-18T16:18:53.935] [DEBUG] debug-file - entry : default@SyscapTransform cost memory 0.13409423828125
[2025-10-18T16:18:53.935] [DEBUG] debug-file - runTaskFromQueue task cost before running: 131 ms 
[2025-10-18T16:18:53.935] [INFO] debug-file - Finished :entry:default@SyscapTransform... after 1 ms 
[2025-10-18T16:18:53.936] [DEBUG] debug-file - jsonObjWithoutParam {} at undefined
[2025-10-18T16:18:53.936] [DEBUG] debug-file - jsonObjWithoutParam {"name":"entry","version":"1.0.0","description":"Please describe the basic information.","main":"","author":"","license":"","dependencies":{}} at undefined
[2025-10-18T16:18:53.936] [DEBUG] debug-file - Executing task :entry:default@ProcessProfile
[2025-10-18T16:18:53.937] [DEBUG] debug-file - Incremental task entry:default@ProcessProfile pre-execution cost: 1 ms .
[2025-10-18T16:18:53.937] [DEBUG] debug-file - entry : default@ProcessProfile cost memory 0.09964752197265625
[2025-10-18T16:18:53.937] [INFO] debug-file - UP-TO-DATE :entry:default@ProcessProfile...  
[2025-10-18T16:18:53.938] [DEBUG] debug-file - jsonObjWithoutParam {} at undefined
[2025-10-18T16:18:53.938] [DEBUG] debug-file - jsonObjWithoutParam {"name":"entry","version":"1.0.0","description":"Please describe the basic information.","main":"","author":"","license":"","dependencies":{}} at undefined
[2025-10-18T16:18:53.938] [DEBUG] debug-file - Executing task :entry:default@ProcessRouterMap
[2025-10-18T16:18:53.939] [DEBUG] debug-file - Incremental task entry:default@ProcessRouterMap pre-execution cost: 1 ms .
[2025-10-18T16:18:53.940] [DEBUG] debug-file - entry : default@ProcessRouterMap cost memory 0.172607421875
[2025-10-18T16:18:53.940] [INFO] debug-file - UP-TO-DATE :entry:default@ProcessRouterMap...  
[2025-10-18T16:18:53.941] [DEBUG] debug-file - jsonObjWithoutParam {} at undefined
[2025-10-18T16:18:53.941] [DEBUG] debug-file - jsonObjWithoutParam {"name":"entry","version":"1.0.0","description":"Please describe the basic information.","main":"","author":"","license":"","dependencies":{}} at undefined
[2025-10-18T16:18:53.941] [DEBUG] debug-file - Executing task :entry:default@ProcessStartupConfig
[2025-10-18T16:18:53.941] [DEBUG] debug-file - Task 'entry:default@ProcessStartupConfig' cost while wrapping incremental declarations: 1 ms 
[2025-10-18T16:18:53.942] [DEBUG] debug-file - entry:default@ProcessStartupConfig is not up-to-date, since the output file '/Users/guichunbai/github/TimePicker-Harmony/entry/build/default/intermediates/startup/default/startup_config.json' does not exist.
[2025-10-18T16:18:53.942] [DEBUG] debug-file - Incremental task entry:default@ProcessStartupConfig pre-execution cost: 1 ms .
[2025-10-18T16:18:53.942] [DEBUG] debug-file - jsonObjWithoutParam {} at undefined
[2025-10-18T16:18:53.942] [DEBUG] debug-file - jsonObjWithoutParam {"name":"entry","version":"1.0.0","description":"Please describe the basic information.","main":"","author":"","license":"","dependencies":{}} at undefined
[2025-10-18T16:18:53.942] [DEBUG] debug-file - entry : default@ProcessStartupConfig cost memory 0.2154693603515625
[2025-10-18T16:18:53.942] [DEBUG] debug-file - runTaskFromQueue task cost before running: 138 ms 
[2025-10-18T16:18:53.943] [INFO] debug-file - Finished :entry:default@ProcessStartupConfig... after 2 ms 
[2025-10-18T16:18:53.944] [DEBUG] debug-file - jsonObjWithoutParam {} at undefined
[2025-10-18T16:18:53.944] [DEBUG] debug-file - jsonObjWithoutParam {"name":"entry","version":"1.0.0","description":"Please describe the basic information.","main":"","author":"","license":"","dependencies":{}} at undefined
[2025-10-18T16:18:53.944] [DEBUG] debug-file - Executing task :entry:default@BuildNativeWithNinja
[2025-10-18T16:18:53.944] [DEBUG] debug-file - jsonObjWithoutParam {} at undefined
[2025-10-18T16:18:53.944] [DEBUG] debug-file - jsonObjWithoutParam {"name":"entry","version":"1.0.0","description":"Please describe the basic information.","main":"","author":"","license":"","dependencies":{}} at undefined
[2025-10-18T16:18:53.945] [DEBUG] debug-file - entry : default@BuildNativeWithNinja cost memory 0.05228424072265625
[2025-10-18T16:18:53.945] [DEBUG] debug-file - runTaskFromQueue task cost before running: 141 ms 
[2025-10-18T16:18:53.945] [INFO] debug-file - Finished :entry:default@BuildNativeWithNinja... after 1 ms 
[2025-10-18T16:18:53.946] [DEBUG] debug-file - jsonObjWithoutParam {} at undefined
[2025-10-18T16:18:53.946] [DEBUG] debug-file - jsonObjWithoutParam {"name":"entry","version":"1.0.0","description":"Please describe the basic information.","main":"","author":"","license":"","dependencies":{}} at undefined
[2025-10-18T16:18:53.946] [DEBUG] debug-file - restool module names: entry; moduleName=entry, taskName=default@ProcessResource
[2025-10-18T16:18:53.947] [DEBUG] debug-file - Executing task :entry:default@ProcessResource
[2025-10-18T16:18:53.948] [DEBUG] debug-file - Incremental task entry:default@ProcessResource pre-execution cost: 1 ms .
[2025-10-18T16:18:53.948] [DEBUG] debug-file - entry : default@ProcessResource cost memory 0.1328277587890625
[2025-10-18T16:18:53.949] [INFO] debug-file - UP-TO-DATE :entry:default@ProcessResource...  
[2025-10-18T16:18:53.949] [DEBUG] debug-file - jsonObjWithoutParam {} at undefined
[2025-10-18T16:18:53.949] [DEBUG] debug-file - jsonObjWithoutParam {"name":"entry","version":"1.0.0","description":"Please describe the basic information.","main":"","author":"","license":"","dependencies":{}} at undefined
[2025-10-18T16:18:53.950] [DEBUG] debug-file - Executing task :entry:default@GenerateLoaderJson
[2025-10-18T16:18:53.954] [DEBUG] debug-file - Incremental task entry:default@GenerateLoaderJson pre-execution cost: 3 ms .
[2025-10-18T16:18:53.954] [DEBUG] debug-file - entry : default@GenerateLoaderJson cost memory 0.5706634521484375
[2025-10-18T16:18:53.955] [INFO] debug-file - UP-TO-DATE :entry:default@GenerateLoaderJson...  
[2025-10-18T16:18:53.956] [DEBUG] debug-file - jsonObjWithoutParam {} at undefined
[2025-10-18T16:18:53.956] [DEBUG] debug-file - jsonObjWithoutParam {"name":"entry","version":"1.0.0","description":"Please describe the basic information.","main":"","author":"","license":"","dependencies":{}} at undefined
[2025-10-18T16:18:53.956] [DEBUG] debug-file - Executing task :entry:default@ProcessLibs
[2025-10-18T16:18:53.957] [DEBUG] debug-file - Incremental task entry:default@ProcessLibs pre-execution cost: 1 ms .
[2025-10-18T16:18:53.957] [DEBUG] debug-file - entry : default@ProcessLibs cost memory 0.10222625732421875
[2025-10-18T16:18:53.957] [INFO] debug-file - UP-TO-DATE :entry:default@ProcessLibs...  
[2025-10-18T16:18:53.958] [DEBUG] debug-file - jsonObjWithoutParam {} at undefined
[2025-10-18T16:18:53.958] [DEBUG] debug-file - jsonObjWithoutParam {"name":"entry","version":"1.0.0","description":"Please describe the basic information.","main":"","author":"","license":"","dependencies":{}} at undefined
[2025-10-18T16:18:53.958] [DEBUG] debug-file - restool module names: entry; moduleName=entry, taskName=default@CompileResource
[2025-10-18T16:18:53.959] [DEBUG] debug-file - Executing task :entry:default@CompileResource
[2025-10-18T16:18:53.961] [DEBUG] debug-file - Incremental task entry:default@CompileResource pre-execution cost: 2 ms .
[2025-10-18T16:18:53.961] [DEBUG] debug-file - entry : default@CompileResource cost memory 0.6979293823242188
[2025-10-18T16:18:53.961] [INFO] debug-file - UP-TO-DATE :entry:default@CompileResource...  
[2025-10-18T16:18:53.962] [DEBUG] debug-file - jsonObjWithoutParam {} at undefined
[2025-10-18T16:18:53.962] [DEBUG] debug-file - jsonObjWithoutParam {"name":"entry","version":"1.0.0","description":"Please describe the basic information.","main":"","author":"","license":"","dependencies":{}} at undefined
[2025-10-18T16:18:53.963] [DEBUG] debug-file - Executing task :entry:default@DoNativeStrip
[2025-10-18T16:18:53.963] [DEBUG] debug-file - Task 'entry:default@DoNativeStrip' cost while wrapping incremental declarations: 1 ms 
[2025-10-18T16:18:53.963] [DEBUG] debug-file - Incremental task entry:default@DoNativeStrip pre-execution cost: 1 ms .
[2025-10-18T16:18:53.963] [DEBUG] debug-file - entry : default@DoNativeStrip cost memory 0.06404876708984375
[2025-10-18T16:18:53.963] [INFO] debug-file - UP-TO-DATE :entry:default@DoNativeStrip...  
[2025-10-18T16:18:53.964] [DEBUG] debug-file - jsonObjWithoutParam {} at undefined
[2025-10-18T16:18:53.964] [DEBUG] debug-file - jsonObjWithoutParam {"name":"entry","version":"1.0.0","description":"Please describe the basic information.","main":"","author":"","license":"","dependencies":{}} at undefined
[2025-10-18T16:18:53.966] [DEBUG] debug-file - Executing task :entry:default@CompileArkTS
[2025-10-18T16:18:53.966] [DEBUG] debug-file - obfuscationOptions: undefined
[2025-10-18T16:18:53.969] [DEBUG] debug-file - Incremental task entry:default@CompileArkTS pre-execution cost: 2 ms .
[2025-10-18T16:18:53.969] [DEBUG] debug-file - entry : default@CompileArkTS cost memory 0.42537689208984375
[2025-10-18T16:18:53.970] [INFO] debug-file - UP-TO-DATE :entry:default@CompileArkTS...  
[2025-10-18T16:18:53.970] [DEBUG] debug-file - jsonObjWithoutParam {} at undefined
[2025-10-18T16:18:53.970] [DEBUG] debug-file - jsonObjWithoutParam {"name":"entry","version":"1.0.0","description":"Please describe the basic information.","main":"","author":"","license":"","dependencies":{}} at undefined
[2025-10-18T16:18:53.971] [DEBUG] debug-file - Executing task :entry:default@BuildJS
[2025-10-18T16:18:53.972] [DEBUG] debug-file - entry : default@BuildJS cost memory 0.12007904052734375
[2025-10-18T16:18:53.972] [DEBUG] debug-file - runTaskFromQueue task cost before running: 168 ms 
[2025-10-18T16:18:53.972] [INFO] debug-file - Finished :entry:default@BuildJS... after 1 ms 
[2025-10-18T16:18:53.973] [DEBUG] debug-file - jsonObjWithoutParam {} at undefined
[2025-10-18T16:18:53.973] [DEBUG] debug-file - jsonObjWithoutParam {"name":"entry","version":"1.0.0","description":"Please describe the basic information.","main":"","author":"","license":"","dependencies":{}} at undefined
[2025-10-18T16:18:53.973] [DEBUG] debug-file - Executing task :entry:default@CacheNativeLibs
[2025-10-18T16:18:53.973] [DEBUG] debug-file - Task 'entry:default@CacheNativeLibs' cost while wrapping incremental declarations: 1 ms 
[2025-10-18T16:18:53.974] [DEBUG] debug-file - Incremental task entry:default@CacheNativeLibs pre-execution cost: 1 ms .
[2025-10-18T16:18:53.974] [DEBUG] debug-file - entry : default@CacheNativeLibs cost memory 0.07146453857421875
[2025-10-18T16:18:53.974] [INFO] debug-file - UP-TO-DATE :entry:default@CacheNativeLibs...  
[2025-10-18T16:18:53.974] [DEBUG] debug-file - jsonObjWithoutParam {} at undefined
[2025-10-18T16:18:53.974] [DEBUG] debug-file - jsonObjWithoutParam {"name":"entry","version":"1.0.0","description":"Please describe the basic information.","main":"","author":"","license":"","dependencies":{}} at undefined
[2025-10-18T16:18:53.974] [DEBUG] debug-file - Executing task :entry:default@GeneratePkgModuleJson
[2025-10-18T16:18:53.974] [DEBUG] debug-file - Task 'entry:default@GeneratePkgModuleJson' cost while wrapping incremental declarations: 1 ms 
[2025-10-18T16:18:53.974] [DEBUG] debug-file - Incremental task entry:default@GeneratePkgModuleJson pre-execution cost: 1 ms .
[2025-10-18T16:18:53.974] [DEBUG] debug-file - entry : default@GeneratePkgModuleJson cost memory 0.06203460693359375
[2025-10-18T16:18:53.975] [INFO] debug-file - UP-TO-DATE :entry:default@GeneratePkgModuleJson...  
[2025-10-18T16:18:53.976] [DEBUG] debug-file - jsonObjWithoutParam {} at undefined
[2025-10-18T16:18:53.976] [DEBUG] debug-file - jsonObjWithoutParam {"name":"entry","version":"1.0.0","description":"Please describe the basic information.","main":"","author":"","license":"","dependencies":{}} at undefined
[2025-10-18T16:18:53.978] [DEBUG] debug-file - Executing task :entry:default@PackageHap
[2025-10-18T16:18:53.979] [DEBUG] debug-file - Incremental task entry:default@PackageHap pre-execution cost: 2 ms .
[2025-10-18T16:18:53.979] [DEBUG] debug-file - entry : default@PackageHap cost memory 0.29689788818359375
[2025-10-18T16:18:53.980] [INFO] debug-file - UP-TO-DATE :entry:default@PackageHap...  
[2025-10-18T16:18:53.980] [DEBUG] debug-file - jsonObjWithoutParam {} at undefined
[2025-10-18T16:18:53.980] [DEBUG] debug-file - jsonObjWithoutParam {"name":"entry","version":"1.0.0","description":"Please describe the basic information.","main":"","author":"","license":"","dependencies":{}} at undefined
[2025-10-18T16:18:53.981] [DEBUG] debug-file - Executing task :entry:default@SignHap
[2025-10-18T16:18:53.981] [WARN] debug-file - Will skip sign 'hos_hap'. No signingConfigs profile is configured in current project.
             If needed, configure the signingConfigs in /Users/guichunbai/github/TimePicker-Harmony/build-profile.json5.
[2025-10-18T16:18:53.981] [DEBUG] debug-file - entry:default@SignHap is not up-to-date, since the output file '/Users/guichunbai/github/TimePicker-Harmony/entry/build/default/outputs/default/entry-default-signed.hap' does not exist.
[2025-10-18T16:18:53.981] [DEBUG] debug-file - Incremental task entry:default@SignHap pre-execution cost: 1 ms .
[2025-10-18T16:18:53.981] [DEBUG] debug-file - jsonObjWithoutParam {} at undefined
[2025-10-18T16:18:53.981] [DEBUG] debug-file - jsonObjWithoutParam {"name":"entry","version":"1.0.0","description":"Please describe the basic information.","main":"","author":"","license":"","dependencies":{}} at undefined
[2025-10-18T16:18:53.981] [DEBUG] debug-file - entry : default@SignHap cost memory 0.1046142578125
[2025-10-18T16:18:53.981] [DEBUG] debug-file - runTaskFromQueue task cost before running: 177 ms 
[2025-10-18T16:18:53.981] [INFO] debug-file - Finished :entry:default@SignHap... after 1 ms 
[2025-10-18T16:18:53.982] [DEBUG] debug-file - jsonObjWithoutParam {} at undefined
[2025-10-18T16:18:53.982] [DEBUG] debug-file - jsonObjWithoutParam {"name":"entry","version":"1.0.0","description":"Please describe the basic information.","main":"","author":"","license":"","dependencies":{}} at undefined
[2025-10-18T16:18:53.982] [DEBUG] debug-file - Executing task :entry:default@CollectDebugSymbol
[2025-10-18T16:18:53.983] [DEBUG] debug-file - jsonObjWithoutParam {} at undefined
[2025-10-18T16:18:53.984] [DEBUG] debug-file - jsonObjWithoutParam {"name":"entry","version":"1.0.0","description":"Please describe the basic information.","main":"","author":"","license":"","dependencies":{}} at undefined
[2025-10-18T16:18:53.984] [DEBUG] debug-file - entry : default@CollectDebugSymbol cost memory 0.18790435791015625
[2025-10-18T16:18:53.984] [DEBUG] debug-file - runTaskFromQueue task cost before running: 180 ms 
[2025-10-18T16:18:53.984] [INFO] debug-file - Finished :entry:default@CollectDebugSymbol... after 2 ms 
[2025-10-18T16:18:53.984] [DEBUG] debug-file - Executing task :entry:assembleHap
[2025-10-18T16:18:53.984] [DEBUG] debug-file - entry : assembleHap cost memory 0.011749267578125
[2025-10-18T16:18:53.984] [DEBUG] debug-file - runTaskFromQueue task cost before running: 180 ms 
[2025-10-18T16:18:53.984] [INFO] debug-file - Finished :entry:assembleHap... after 1 ms 
[2025-10-18T16:18:53.985] [DEBUG] debug-file - BUILD SUCCESSFUL in 180 ms 
[2025-10-18T16:18:53.985] [DEBUG] debug-file - There is no need to refresh cache, since the incremental task entry:default@PreBuild is up-to-date.
[2025-10-18T16:18:53.985] [DEBUG] debug-file - Update task entry:default@CreateModuleInfo output file:/Users/guichunbai/github/TimePicker-Harmony/entry/build/default/generated/profile/default/ModuleInfo.ts cache.
[2025-10-18T16:18:53.985] [DEBUG] debug-file - Incremental task entry:default@CreateModuleInfo post-execution cost:1 ms .
[2025-10-18T16:18:53.985] [DEBUG] debug-file - There is no need to refresh cache, since the incremental task entry:default@GenerateMetadata is up-to-date.
[2025-10-18T16:18:53.985] [DEBUG] debug-file - There is no need to refresh cache, since the incremental task entry:default@MergeProfile is up-to-date.
[2025-10-18T16:18:53.985] [DEBUG] debug-file - There is no need to refresh cache, since the incremental task entry:default@CreateBuildProfile is up-to-date.
[2025-10-18T16:18:53.985] [DEBUG] debug-file - There is no need to refresh cache, since the incremental task entry:default@GeneratePkgContextInfo is up-to-date.
[2025-10-18T16:18:53.985] [DEBUG] debug-file - Update task entry:default@ProcessIntegratedHsp output file:/Users/guichunbai/github/TimePicker-Harmony/build/cache/default/integrated_hsp/integratedHspCache.json cache.
[2025-10-18T16:18:53.985] [DEBUG] debug-file - Incremental task entry:default@ProcessIntegratedHsp post-execution cost:1 ms .
[2025-10-18T16:18:53.985] [DEBUG] debug-file - There is no need to refresh cache, since the incremental task entry:default@MakePackInfo is up-to-date.
[2025-10-18T16:18:53.985] [DEBUG] debug-file - Update task entry:default@SyscapTransform input file:/Applications/DevEco-Studio.app/Contents/sdk/default/openharmony/toolchains/syscap_tool cache by regenerate.
[2025-10-18T16:18:53.985] [DEBUG] debug-file - Update task entry:default@SyscapTransform input file:/Applications/DevEco-Studio.app/Contents/sdk/default/openharmony/ets/api/device-define cache by regenerate.
[2025-10-18T16:18:53.986] [DEBUG] debug-file - Update task entry:default@SyscapTransform output file:/Users/guichunbai/github/TimePicker-Harmony/entry/build/default/intermediates/syscap/default/rpcid.sc cache.
[2025-10-18T16:18:53.986] [DEBUG] debug-file - Incremental task entry:default@SyscapTransform post-execution cost:1 ms .
[2025-10-18T16:18:53.986] [DEBUG] debug-file - There is no need to refresh cache, since the incremental task entry:default@ProcessProfile is up-to-date.
[2025-10-18T16:18:53.986] [DEBUG] debug-file - There is no need to refresh cache, since the incremental task entry:default@ProcessRouterMap is up-to-date.
[2025-10-18T16:18:53.986] [DEBUG] debug-file - Update task entry:default@ProcessStartupConfig input file:/Users/guichunbai/github/TimePicker-Harmony/entry/build/default/intermediates/loader/default/pkgContextInfo.json cache by regenerate.
[2025-10-18T16:18:53.986] [DEBUG] debug-file - Update task entry:default@ProcessStartupConfig output file:/Users/guichunbai/github/TimePicker-Harmony/entry/build/default/intermediates/startup/default/startup_config.json cache.
[2025-10-18T16:18:53.986] [DEBUG] debug-file - Incremental task entry:default@ProcessStartupConfig post-execution cost:1 ms .
[2025-10-18T16:18:53.986] [DEBUG] debug-file - There is no need to refresh cache, since the incremental task entry:default@ProcessResource is up-to-date.
[2025-10-18T16:18:53.986] [DEBUG] debug-file - There is no need to refresh cache, since the incremental task entry:default@GenerateLoaderJson is up-to-date.
[2025-10-18T16:18:53.986] [DEBUG] debug-file - There is no need to refresh cache, since the incremental task entry:default@ProcessLibs is up-to-date.
[2025-10-18T16:18:53.986] [DEBUG] debug-file - There is no need to refresh cache, since the incremental task entry:default@CompileResource is up-to-date.
[2025-10-18T16:18:53.986] [DEBUG] debug-file - There is no need to refresh cache, since the incremental task entry:default@DoNativeStrip is up-to-date.
[2025-10-18T16:18:53.986] [DEBUG] debug-file - There is no need to refresh cache, since the incremental task entry:default@CompileArkTS is up-to-date.
[2025-10-18T16:18:53.986] [DEBUG] debug-file - Update task entry:default@BuildJS input file:/Users/guichunbai/github/TimePicker-Harmony/entry/build/default/intermediates/loader/default cache by regenerate.
[2025-10-18T16:18:53.987] [DEBUG] debug-file - Update task entry:default@BuildJS input file:/Users/guichunbai/github/TimePicker-Harmony/entry/build/default/intermediates/res/default/resources/rawfile cache by regenerate.
[2025-10-18T16:18:53.987] [DEBUG] debug-file - Update task entry:default@BuildJS input file:/Users/guichunbai/github/TimePicker-Harmony/entry/build/default/intermediates/res/default/ResourceTable.txt cache by regenerate.
[2025-10-18T16:18:53.987] [DEBUG] debug-file - Update task entry:default@BuildJS input file:/Users/guichunbai/github/TimePicker-Harmony/entry/build/default/intermediates/res/default/ark_module.json cache by regenerate.
[2025-10-18T16:18:53.987] [DEBUG] debug-file - Update task entry:default@BuildJS input file:/Users/guichunbai/github/TimePicker-Harmony/entry/build/default/intermediates/res/default/resources/base/profile cache by regenerate.
[2025-10-18T16:18:53.987] [DEBUG] debug-file - Update task entry:default@BuildJS input file:/Users/guichunbai/github/TimePicker-Harmony/entry/build/default/intermediates/loader/default/pkgContextInfo.json cache by regenerate.
[2025-10-18T16:18:53.987] [DEBUG] debug-file - Update task entry:default@BuildJS output file:/Users/guichunbai/github/TimePicker-Harmony/entry/build/default/intermediates/loader_out/default/js cache.
[2025-10-18T16:18:53.987] [DEBUG] debug-file - Incremental task entry:default@BuildJS post-execution cost:1 ms .
[2025-10-18T16:18:53.987] [DEBUG] debug-file - There is no need to refresh cache, since the incremental task entry:default@CacheNativeLibs is up-to-date.
[2025-10-18T16:18:53.987] [DEBUG] debug-file - There is no need to refresh cache, since the incremental task entry:default@GeneratePkgModuleJson is up-to-date.
[2025-10-18T16:18:53.987] [DEBUG] debug-file - There is no need to refresh cache, since the incremental task entry:default@PackageHap is up-to-date.
[2025-10-18T16:18:53.987] [DEBUG] debug-file - Update task entry:default@SignHap input file:/Users/guichunbai/github/TimePicker-Harmony/entry/build/default/outputs/default/entry-default-unsigned.hap cache by regenerate.
[2025-10-18T16:18:53.987] [DEBUG] debug-file - Update task entry:default@SignHap output file:/Users/guichunbai/github/TimePicker-Harmony/entry/build/default/outputs/default/entry-default-signed.hap cache.
[2025-10-18T16:18:53.987] [DEBUG] debug-file - Incremental task entry:default@SignHap post-execution cost:1 ms .
[2025-10-18T16:18:53.988] [DEBUG] debug-file - Update task entry:default@CollectDebugSymbol input file:/Users/guichunbai/github/TimePicker-Harmony/entry/build/default/intermediates/loader_out/default/ets/sourceMaps.map cache by regenerate.
[2025-10-18T16:18:53.988] [DEBUG] debug-file - Update task entry:default@CollectDebugSymbol input file:/Users/guichunbai/github/TimePicker-Harmony/entry/build/default/intermediates/libs/default cache by regenerate.
[2025-10-18T16:18:53.988] [DEBUG] debug-file - Update task entry:default@CollectDebugSymbol output file:/Users/guichunbai/github/TimePicker-Harmony/entry/build/default/outputs/default/symbol cache.
[2025-10-18T16:18:53.988] [DEBUG] debug-file - Incremental task entry:default@CollectDebugSymbol post-execution cost:1 ms .
[2025-10-18T16:18:53.993] [DEBUG] debug-file - hvigor build process will be closed.
[2025-10-18T16:18:54.037] [DEBUG] debug-file - session manager: send message to worker process.
[2025-10-18T16:18:54.037] [DEBUG] debug-file - session manager: send message to worker process.
[2025-10-18T16:18:54.037] [DEBUG] debug-file - watch worker: worker id should be larger than 0. Nothing will be sent to any worker thread.
[2025-10-18T16:18:54.037] [DEBUG] debug-file - watch worker: worker id should be larger than 0. Nothing will be sent to any worker thread.
